complaint_id,actual_expected_category,genai_category,python_expected_category,genai_department,python_department,genai_urgency,python_urgency,genai_escalation,python_escalation,policy_reference,match_mismatch,verification_status,coverage_score,traceability_score,routing_score,explanation_of_disagreement
CMP-00001,Delivery,Delivery,Delivery,Logistics Support,Logistics Support,Medium,Medium,False,False,DEL-POL-04 (Active),MISMATCH / OVERRIDE,Manual Review Required,0.0,100.0,100.0,Prohibited Action Detected: Draft response contains forbidden commitment: Refund exceeding $50 without verified return. | Requirement Missing: The following mandatory steps were omitted from resolution steps: Verify shipment status with courier tracking API; Confirm expected delivery date with regional fulfillment center; Offer approved compensation if eligibility conditions are met.
CMP-00002,Safety Hazard,Safety / Hazard,Safety / Hazard,Hardware QA,Emergency Response,Low,Critical,False,True,SAF-SOP-01 (Active),MISMATCH / OVERRIDE,Manual Review Required,0.0,100.0,0.0,"Department 'Hardware QA' is not permitted for category 'Safety / Hazard'. | Deterministic Hazard Override: Raw complaint contains safety/legal triggers (smoke, spark, chemical). Enforcing Critical Urgency despite calm tone. | Deterministic Priority Override: Life-safety or legal hazard detected; P1 SLA required. | Missing Mandatory Escalation: Trigger words tripped (smoke, spark, chemical), but GenAI set escalation_required=False. | Requirement Missing: The following mandatory steps were omitted from resolution steps: Immediately isolate hazard and advise customer of physical safety steps; Dispatch emergency escalation to Safety Engineering within 1 hour; Flag incident for mandatory regulatory compliance log."
CMP-00003,Delivery,Delivery,Delivery,Logistics Support,Logistics Support,Critical,Critical,True,True,DEL-POL-04 (Active),MISMATCH / OVERRIDE,Requirement Missing,0.0,100.0,100.0,Requirement Missing: The following mandatory steps were omitted from resolution steps: Verify shipment status with courier tracking API; Confirm expected delivery date with regional fulfillment center; Offer approved compensation if eligibility conditions are met.
CMP-00004,Billing,Billing & Refunds,Billing & Refunds,Accounts & Billing,Accounts & Billing,Medium,Medium,False,False,REF-POL-01 (Superseded),MISMATCH / OVERRIDE,Outdated Source,66.7,0.0,100.0,Outdated Source Detected: GenAI cited policy 'REF-POL-01' which has status 'Superseded' (v1.0-Superseded).
CMP-00005,Technical Support,Technical Support,Technical Support,Technical Support,Technical Support,Medium,Medium,False,False,WRN-POL-09 (Active),MISMATCH / OVERRIDE,Manual Review Required,0.0,100.0,100.0,Prohibited Action Detected: Draft response contains forbidden commitment: Unauthorized direct cash/bank transfer promised. | Requirement Missing: The following mandatory steps were omitted from resolution steps: Capture client environment and reproduction steps; Check known issues database; Provide workaround or patch tracking ticket.
CMP-00006,Delivery,Delivery,Delivery,Logistics Support,Logistics Support,Medium,Medium,False,False,DEL-POL-04 (Active),MATCH,Verified,100.0,100.0,100.0,Complete alignment across all fields and active policy citations.
CMP-00007,Subscription,General Inquiry,Delivery,Customer Success,Logistics Support,Medium,Medium,False,False,DEL-POL-04 (Active),MISMATCH / OVERRIDE,Manual Review Required,0.0,100.0,0.0,Issue category 'General Inquiry' does not exist in master Rule Matrix. | Department 'Customer Success' is not permitted for category 'Delivery'. | Requirement Missing: The following mandatory steps were omitted from resolution steps: Verify shipment status with courier tracking API; Confirm expected delivery date with regional fulfillment center; Offer approved compensation if eligibility conditions are met.
CMP-00008,Billing,Delivery,Delivery,Logistics Support,Logistics Support,Medium,Medium,False,False,DEL-POL-04 (Active),MATCH,Verified,100.0,100.0,100.0,Complete alignment across all fields and active policy citations.
CMP-00009,Warranty & Returns,General Inquiry,Delivery,Customer Success,Logistics Support,Medium,Medium,False,False,DEL-POL-04 (Active),MISMATCH / OVERRIDE,Manual Review Required,0.0,100.0,0.0,Issue category 'General Inquiry' does not exist in master Rule Matrix. | Department 'Customer Success' is not permitted for category 'Delivery'. | Requirement Missing: The following mandatory steps were omitted from resolution steps: Verify shipment status with courier tracking API; Confirm expected delivery date with regional fulfillment center; Offer approved compensation if eligibility conditions are met.
CMP-00010,Billing,Delivery,Delivery,Logistics Support,Logistics Support,Medium,Medium,False,False,DEL-POL-04 (Active),MISMATCH / OVERRIDE,Verified with Warning,100.0,100.0,100.0,Repeat Customer Escalation: Customer has 2 unresolved complaints within 30 days. Priority elevated from P3 to P2.
CMP-00011,Warranty & Returns,General Inquiry,Delivery,Customer Success,Logistics Support,Medium,Medium,False,False,DEL-POL-04 (Active),MISMATCH / OVERRIDE,Manual Review Required,0.0,100.0,0.0,Issue category 'General Inquiry' does not exist in master Rule Matrix. | Department 'Customer Success' is not permitted for category 'Delivery'. | Requirement Missing: The following mandatory steps were omitted from resolution steps: Verify shipment status with courier tracking API; Confirm expected delivery date with regional fulfillment center; Offer approved compensation if eligibility conditions are met.
CMP-00012,Product Defect,General Inquiry,Delivery,Customer Success,Logistics Support,Medium,Medium,False,False,DEL-POL-04 (Active),MISMATCH / OVERRIDE,Manual Review Required,0.0,100.0,0.0,Issue category 'General Inquiry' does not exist in master Rule Matrix. | Department 'Customer Success' is not permitted for category 'Delivery'. | Requirement Missing: The following mandatory steps were omitted from resolution steps: Verify shipment status with courier tracking API; Confirm expected delivery date with regional fulfillment center; Offer approved compensation if eligibility conditions are met.
CMP-00013,Billing,Delivery,Delivery,Logistics Support,Logistics Support,Medium,Medium,False,False,DEL-POL-04 (Active),MATCH,Verified,100.0,100.0,100.0,Complete alignment across all fields and active policy citations.
CMP-00014,Customer Relations,Delivery,Delivery,Logistics Support,Logistics Support,Medium,Medium,False,False,DEL-POL-04 (Active),MATCH,Verified,100.0,100.0,100.0,Complete alignment across all fields and active policy citations.
CMP-00015,Customer Relations,Delivery,Delivery,Logistics Support,Logistics Support,Medium,Medium,False,False,DEL-POL-04 (Active),MATCH,Verified,100.0,100.0,100.0,Complete alignment across all fields and active policy citations.
CMP-00016,Product Defect,General Inquiry,Delivery,Customer Success,Logistics Support,Medium,Critical,False,True,DEL-POL-04 (Active),MISMATCH / OVERRIDE,Manual Review Required,0.0,100.0,0.0,"Issue category 'General Inquiry' does not exist in master Rule Matrix. | Department 'Customer Success' is not permitted for category 'Delivery'. | Deterministic Hazard Override: Raw complaint contains safety/legal triggers (burning). Enforcing Critical Urgency despite calm tone. | Deterministic Priority Override: Life-safety or legal hazard detected; P1 SLA required. | Missing Mandatory Escalation: Trigger words tripped (burning), but GenAI set escalation_required=False. | Requirement Missing: The following mandatory steps were omitted from resolution steps: Verify shipment status with courier tracking API; Confirm expected delivery date with regional fulfillment center; Offer approved compensation if eligibility conditions are met."
CMP-00017,Delivery,General Inquiry,Delivery,Customer Success,Logistics Support,Medium,Medium,False,True,DEL-POL-04 (Active),MISMATCH / OVERRIDE,Manual Review Required,0.0,100.0,0.0,"Issue category 'General Inquiry' does not exist in master Rule Matrix. | Department 'Customer Success' is not permitted for category 'Delivery'. | Missing Mandatory Escalation: Trigger words tripped (damaged in transit), but GenAI set escalation_required=False. | Requirement Missing: The following mandatory steps were omitted from resolution steps: Verify shipment status with courier tracking API; Confirm expected delivery date with regional fulfillment center; Offer approved compensation if eligibility conditions are met."
CMP-00018,Technical Support,General Inquiry,Delivery,Customer Success,Logistics Support,Medium,Medium,False,False,DEL-POL-04 (Active),MISMATCH / OVERRIDE,Manual Review Required,0.0,100.0,0.0,Issue category 'General Inquiry' does not exist in master Rule Matrix. | Department 'Customer Success' is not permitted for category 'Delivery'. | Requirement Missing: The following mandatory steps were omitted from resolution steps: Verify shipment status with courier tracking API; Confirm expected delivery date with regional fulfillment center; Offer approved compensation if eligibility conditions are met.
CMP-00019,Safety Hazard,General Inquiry,Delivery,Customer Success,Logistics Support,Medium,Critical,False,True,DEL-POL-04 (Active),MISMATCH / OVERRIDE,Manual Review Required,0.0,100.0,0.0,"Issue category 'General Inquiry' does not exist in master Rule Matrix. | Department 'Customer Success' is not permitted for category 'Delivery'. | Deterministic Hazard Override: Raw complaint contains safety/legal triggers (smoke, spark, hazard). Enforcing Critical Urgency despite calm tone. | Deterministic Priority Override: Life-safety or legal hazard detected; P1 SLA required. | Missing Mandatory Escalation: Trigger words tripped (smoke, spark, hazard), but GenAI set escalation_required=False. | Requirement Missing: The following mandatory steps were omitted from resolution steps: Verify shipment status with courier tracking API; Confirm expected delivery date with regional fulfillment center; Offer approved compensation if eligibility conditions are met."
CMP-00020,Customer Relations,Delivery,Delivery,Logistics Support,Logistics Support,Medium,Medium,False,False,DEL-POL-04 (Active),MATCH,Verified,100.0,100.0,100.0,Complete alignment across all fields and active policy citations.
CMP-00021,Product Defect,General Inquiry,Delivery,Customer Success,Logistics Support,Medium,Medium,False,False,DEL-POL-04 (Active),MISMATCH / OVERRIDE,Manual Review Required,0.0,100.0,0.0,Issue category 'General Inquiry' does not exist in master Rule Matrix. | Department 'Customer Success' is not permitted for category 'Delivery'. | Requirement Missing: The following mandatory steps were omitted from resolution steps: Verify shipment status with courier tracking API; Confirm expected delivery date with regional fulfillment center; Offer approved compensation if eligibility conditions are met.
CMP-00022,Product Defect,General Inquiry,Delivery,Customer Success,Logistics Support,Medium,Medium,False,False,DEL-POL-04 (Active),MISMATCH / OVERRIDE,Manual Review Required,0.0,100.0,0.0,Issue category 'General Inquiry' does not exist in master Rule Matrix. | Department 'Customer Success' is not permitted for category 'Delivery'. | Requirement Missing: The following mandatory steps were omitted from resolution steps: Verify shipment status with courier tracking API; Confirm expected delivery date with regional fulfillment center; Offer approved compensation if eligibility conditions are met.
CMP-00023,Delivery,General Inquiry,Delivery,Customer Success,Logistics Support,Medium,Medium,False,True,DEL-POL-04 (Active),MISMATCH / OVERRIDE,Manual Review Required,0.0,100.0,0.0,"Issue category 'General Inquiry' does not exist in master Rule Matrix. | Department 'Customer Success' is not permitted for category 'Delivery'. | Missing Mandatory Escalation: Trigger words tripped (damaged in transit), but GenAI set escalation_required=False. | Requirement Missing: The following mandatory steps were omitted from resolution steps: Verify shipment status with courier tracking API; Confirm expected delivery date with regional fulfillment center; Offer approved compensation if eligibility conditions are met."
CMP-00024,Account Security,General Inquiry,Delivery,Customer Success,Logistics Support,Medium,Medium,False,False,DEL-POL-04 (Active),MISMATCH / OVERRIDE,Manual Review Required,0.0,100.0,0.0,Issue category 'General Inquiry' does not exist in master Rule Matrix. | Department 'Customer Success' is not permitted for category 'Delivery'. | Requirement Missing: The following mandatory steps were omitted from resolution steps: Verify shipment status with courier tracking API; Confirm expected delivery date with regional fulfillment center; Offer approved compensation if eligibility conditions are met.
CMP-00025,Product Defect,General Inquiry,Delivery,Customer Success,Logistics Support,Medium,Critical,False,True,DEL-POL-04 (Active),MISMATCH / OVERRIDE,Manual Review Required,0.0,100.0,0.0,"Issue category 'General Inquiry' does not exist in master Rule Matrix. | Department 'Customer Success' is not permitted for category 'Delivery'. | Deterministic Hazard Override: Raw complaint contains safety/legal triggers (burning). Enforcing Critical Urgency despite calm tone. | Deterministic Priority Override: Life-safety or legal hazard detected; P1 SLA required. | Missing Mandatory Escalation: Trigger words tripped (burning), but GenAI set escalation_required=False. | Requirement Missing: The following mandatory steps were omitted from resolution steps: Verify shipment status with courier tracking API; Confirm expected delivery date with regional fulfillment center; Offer approved compensation if eligibility conditions are met."
CMP-00026,Delivery,General Inquiry,Delivery,Customer Success,Logistics Support,Medium,Medium,False,True,DEL-POL-04 (Active),MISMATCH / OVERRIDE,Manual Review Required,0.0,100.0,0.0,"Issue category 'General Inquiry' does not exist in master Rule Matrix. | Department 'Customer Success' is not permitted for category 'Delivery'. | Missing Mandatory Escalation: Trigger words tripped (damaged in transit), but GenAI set escalation_required=False. | Requirement Missing: The following mandatory steps were omitted from resolution steps: Verify shipment status with courier tracking API; Confirm expected delivery date with regional fulfillment center; Offer approved compensation if eligibility conditions are met."
CMP-00027,Account Security,General Inquiry,Delivery,Customer Success,Logistics Support,Medium,Medium,False,False,DEL-POL-04 (Active),MISMATCH / OVERRIDE,Manual Review Required,0.0,100.0,0.0,Issue category 'General Inquiry' does not exist in master Rule Matrix. | Department 'Customer Success' is not permitted for category 'Delivery'. | Requirement Missing: The following mandatory steps were omitted from resolution steps: Verify shipment status with courier tracking API; Confirm expected delivery date with regional fulfillment center; Offer approved compensation if eligibility conditions are met.
CMP-00028,Customer Relations,Delivery,Delivery,Logistics Support,Logistics Support,Medium,Medium,False,False,DEL-POL-04 (Active),MATCH,Verified,100.0,100.0,100.0,Complete alignment across all fields and active policy citations.
CMP-00029,Product Defect,General Inquiry,Delivery,Customer Success,Logistics Support,Medium,Critical,False,True,DEL-POL-04 (Active),MISMATCH / OVERRIDE,Manual Review Required,0.0,100.0,0.0,"Issue category 'General Inquiry' does not exist in master Rule Matrix. | Department 'Customer Success' is not permitted for category 'Delivery'. | Deterministic Hazard Override: Raw complaint contains safety/legal triggers (burning). Enforcing Critical Urgency despite calm tone. | Deterministic Priority Override: Life-safety or legal hazard detected; P1 SLA required. | Missing Mandatory Escalation: Trigger words tripped (burning), but GenAI set escalation_required=False. | Requirement Missing: The following mandatory steps were omitted from resolution steps: Verify shipment status with courier tracking API; Confirm expected delivery date with regional fulfillment center; Offer approved compensation if eligibility conditions are met."
CMP-00030,Delivery,Delivery,Delivery,Logistics Support,Logistics Support,Medium,Medium,False,False,DEL-POL-04 (Active),MATCH,Verified,100.0,100.0,100.0,Complete alignment across all fields and active policy citations.
CMP-00031,Technical Support,General Inquiry,Delivery,Customer Success,Logistics Support,Medium,Medium,False,False,DEL-POL-04 (Active),MISMATCH / OVERRIDE,Manual Review Required,0.0,100.0,0.0,Issue category 'General Inquiry' does not exist in master Rule Matrix. | Department 'Customer Success' is not permitted for category 'Delivery'. | Requirement Missing: The following mandatory steps were omitted from resolution steps: Verify shipment status with courier tracking API; Confirm expected delivery date with regional fulfillment center; Offer approved compensation if eligibility conditions are met.
CMP-00032,Billing,Delivery,Delivery,Logistics Support,Logistics Support,Medium,Medium,False,False,DEL-POL-04 (Active),MATCH,Verified,100.0,100.0,100.0,Complete alignment across all fields and active policy citations.
CMP-00033,Customer Relations,Delivery,Delivery,Logistics Support,Logistics Support,Medium,Medium,False,False,DEL-POL-04 (Active),MISMATCH / OVERRIDE,Verified with Warning,100.0,100.0,100.0,Repeat Customer Escalation: Customer has 3 unresolved complaints within 30 days. Priority elevated from P3 to P2.
CMP-00034,Billing,Delivery,Delivery,Logistics Support,Logistics Support,Medium,Medium,False,False,DEL-POL-04 (Active),MATCH,Verified,100.0,100.0,100.0,Complete alignment across all fields and active policy citations.
CMP-00035,Delivery,General Inquiry,Delivery,Customer Success,Logistics Support,Medium,Medium,False,True,DEL-POL-04 (Active),MISMATCH / OVERRIDE,Manual Review Required,0.0,100.0,0.0,"Issue category 'General Inquiry' does not exist in master Rule Matrix. | Department 'Customer Success' is not permitted for category 'Delivery'. | Missing Mandatory Escalation: Trigger words tripped (damaged in transit), but GenAI set escalation_required=False. | Requirement Missing: The following mandatory steps were omitted from resolution steps: Verify shipment status with courier tracking API; Confirm expected delivery date with regional fulfillment center; Offer approved compensation if eligibility conditions are met."
CMP-00036,Billing,General Inquiry,Delivery,Customer Success,Logistics Support,Medium,Medium,False,False,DEL-POL-04 (Active),MISMATCH / OVERRIDE,Manual Review Required,0.0,100.0,0.0,Issue category 'General Inquiry' does not exist in master Rule Matrix. | Department 'Customer Success' is not permitted for category 'Delivery'. | Requirement Missing: The following mandatory steps were omitted from resolution steps: Verify shipment status with courier tracking API; Confirm expected delivery date with regional fulfillment center; Offer approved compensation if eligibility conditions are met.
CMP-00037,Delivery,Delivery,Delivery,Logistics Support,Logistics Support,Medium,Medium,False,False,DEL-POL-04 (Active),MISMATCH / OVERRIDE,Verified with Warning,100.0,100.0,100.0,Repeat Customer Escalation: Customer has 3 unresolved complaints within 30 days. Priority elevated from P3 to P2.
CMP-00038,Product Defect,General Inquiry,Delivery,Customer Success,Logistics Support,Medium,Medium,False,False,DEL-POL-04 (Active),MISMATCH / OVERRIDE,Manual Review Required,0.0,100.0,0.0,Issue category 'General Inquiry' does not exist in master Rule Matrix. | Department 'Customer Success' is not permitted for category 'Delivery'. | Requirement Missing: The following mandatory steps were omitted from resolution steps: Verify shipment status with courier tracking API; Confirm expected delivery date with regional fulfillment center; Offer approved compensation if eligibility conditions are met.
CMP-00039,Delivery,Delivery,Delivery,Logistics Support,Logistics Support,Medium,Medium,False,False,DEL-POL-04 (Active),MATCH,Verified,100.0,100.0,100.0,Complete alignment across all fields and active policy citations.
CMP-00040,Warranty & Returns,General Inquiry,Delivery,Customer Success,Logistics Support,Medium,Medium,False,False,DEL-POL-04 (Active),MISMATCH / OVERRIDE,Manual Review Required,0.0,100.0,0.0,Issue category 'General Inquiry' does not exist in master Rule Matrix. | Department 'Customer Success' is not permitted for category 'Delivery'. | Requirement Missing: The following mandatory steps were omitted from resolution steps: Verify shipment status with courier tracking API; Confirm expected delivery date with regional fulfillment center; Offer approved compensation if eligibility conditions are met.
CMP-00041,Delivery,General Inquiry,Delivery,Customer Success,Logistics Support,Medium,Medium,False,True,DEL-POL-04 (Active),MISMATCH / OVERRIDE,Manual Review Required,0.0,100.0,0.0,"Issue category 'General Inquiry' does not exist in master Rule Matrix. | Department 'Customer Success' is not permitted for category 'Delivery'. | Missing Mandatory Escalation: Trigger words tripped (damaged in transit), but GenAI set escalation_required=False. | Requirement Missing: The following mandatory steps were omitted from resolution steps: Verify shipment status with courier tracking API; Confirm expected delivery date with regional fulfillment center; Offer approved compensation if eligibility conditions are met."
CMP-00042,Subscription,General Inquiry,Delivery,Customer Success,Logistics Support,Medium,Medium,False,False,DEL-POL-04 (Active),MISMATCH / OVERRIDE,Manual Review Required,0.0,100.0,0.0,Issue category 'General Inquiry' does not exist in master Rule Matrix. | Department 'Customer Success' is not permitted for category 'Delivery'. | Requirement Missing: The following mandatory steps were omitted from resolution steps: Verify shipment status with courier tracking API; Confirm expected delivery date with regional fulfillment center; Offer approved compensation if eligibility conditions are met.
CMP-00043,Legal & Compliance,General Inquiry,Delivery,Customer Success,Logistics Support,Medium,Critical,False,True,DEL-POL-04 (Active),MISMATCH / OVERRIDE,Manual Review Required,0.0,100.0,0.0,"Issue category 'General Inquiry' does not exist in master Rule Matrix. | Department 'Customer Success' is not permitted for category 'Delivery'. | Deterministic Hazard Override: Raw complaint contains safety/legal triggers (attorney, litigation, consumer protection board). Enforcing Critical Urgency despite calm tone. | Deterministic Priority Override: Life-safety or legal hazard detected; P1 SLA required. | Missing Mandatory Escalation: Trigger words tripped (attorney, litigation, consumer protection board), but GenAI set escalation_required=False. | Requirement Missing: The following mandatory steps were omitted from resolution steps: Verify shipment status with courier tracking API; Confirm expected delivery date with regional fulfillment center; Offer approved compensation if eligibility conditions are met."
CMP-00044,Billing,Delivery,Delivery,Logistics Support,Logistics Support,Medium,Medium,False,False,DEL-POL-04 (Active),MATCH,Verified,100.0,100.0,100.0,Complete alignment across all fields and active policy citations.
CMP-00045,Billing,General Inquiry,Delivery,Customer Success,Logistics Support,Medium,Medium,False,False,DEL-POL-04 (Active),MISMATCH / OVERRIDE,Manual Review Required,0.0,100.0,0.0,Issue category 'General Inquiry' does not exist in master Rule Matrix. | Department 'Customer Success' is not permitted for category 'Delivery'. | Requirement Missing: The following mandatory steps were omitted from resolution steps: Verify shipment status with courier tracking API; Confirm expected delivery date with regional fulfillment center; Offer approved compensation if eligibility conditions are met.
CMP-00046,Delivery,General Inquiry,Delivery,Customer Success,Logistics Support,Medium,Medium,False,True,DEL-POL-04 (Active),MISMATCH / OVERRIDE,Manual Review Required,0.0,100.0,0.0,"Issue category 'General Inquiry' does not exist in master Rule Matrix. | Department 'Customer Success' is not permitted for category 'Delivery'. | Missing Mandatory Escalation: Trigger words tripped (damaged in transit), but GenAI set escalation_required=False. | Requirement Missing: The following mandatory steps were omitted from resolution steps: Verify shipment status with courier tracking API; Confirm expected delivery date with regional fulfillment center; Offer approved compensation if eligibility conditions are met."
CMP-00047,Product Defect,General Inquiry,Delivery,Customer Success,Logistics Support,Medium,Medium,False,False,DEL-POL-04 (Active),MISMATCH / OVERRIDE,Manual Review Required,0.0,100.0,0.0,Issue category 'General Inquiry' does not exist in master Rule Matrix. | Department 'Customer Success' is not permitted for category 'Delivery'. | Requirement Missing: The following mandatory steps were omitted from resolution steps: Verify shipment status with courier tracking API; Confirm expected delivery date with regional fulfillment center; Offer approved compensation if eligibility conditions are met.
CMP-00048,Delivery,Delivery,Delivery,Logistics Support,Logistics Support,Medium,Medium,False,False,DEL-POL-04 (Active),MATCH,Verified,100.0,100.0,100.0,Complete alignment across all fields and active policy citations.
CMP-00049,Product Defect,General Inquiry,Delivery,Customer Success,Logistics Support,Medium,Medium,False,False,DEL-POL-04 (Active),MISMATCH / OVERRIDE,Manual Review Required,0.0,100.0,0.0,Issue category 'General Inquiry' does not exist in master Rule Matrix. | Department 'Customer Success' is not permitted for category 'Delivery'. | Requirement Missing: The following mandatory steps were omitted from resolution steps: Verify shipment status with courier tracking API; Confirm expected delivery date with regional fulfillment center; Offer approved compensation if eligibility conditions are met.
CMP-00050,Subscription,General Inquiry,Delivery,Customer Success,Logistics Support,Medium,Medium,False,False,DEL-POL-04 (Active),MISMATCH / OVERRIDE,Manual Review Required,0.0,100.0,0.0,Issue category 'General Inquiry' does not exist in master Rule Matrix. | Department 'Customer Success' is not permitted for category 'Delivery'. | Requirement Missing: The following mandatory steps were omitted from resolution steps: Verify shipment status with courier tracking API; Confirm expected delivery date with regional fulfillment center; Offer approved compensation if eligibility conditions are met.
CMP-00051,Delivery,Delivery,Delivery,Logistics Support,Logistics Support,Medium,Medium,False,False,DEL-POL-04 (Active),MATCH,Verified,100.0,100.0,100.0,Complete alignment across all fields and active policy citations.
CMP-00052,Legal & Compliance,General Inquiry,Delivery,Customer Success,Logistics Support,Medium,Critical,False,True,DEL-POL-04 (Active),MISMATCH / OVERRIDE,Manual Review Required,0.0,100.0,0.0,"Issue category 'General Inquiry' does not exist in master Rule Matrix. | Department 'Customer Success' is not permitted for category 'Delivery'. | Deterministic Hazard Override: Raw complaint contains safety/legal triggers (attorney, litigation, consumer protection board). Enforcing Critical Urgency despite calm tone. | Deterministic Priority Override: Life-safety or legal hazard detected; P1 SLA required. | Missing Mandatory Escalation: Trigger words tripped (attorney, litigation, consumer protection board), but GenAI set escalation_required=False. | Requirement Missing: The following mandatory steps were omitted from resolution steps: Verify shipment status with courier tracking API; Confirm expected delivery date with regional fulfillment center; Offer approved compensation if eligibility conditions are met."
CMP-00053,Safety Hazard,General Inquiry,Delivery,Customer Success,Logistics Support,Medium,Critical,False,True,DEL-POL-04 (Active),MISMATCH / OVERRIDE,Manual Review Required,0.0,100.0,0.0,"Issue category 'General Inquiry' does not exist in master Rule Matrix. | Department 'Customer Success' is not permitted for category 'Delivery'. | Deterministic Hazard Override: Raw complaint contains safety/legal triggers (smoke, spark, hazard). Enforcing Critical Urgency despite calm tone. | Deterministic Priority Override: Life-safety or legal hazard detected; P1 SLA required. | Missing Mandatory Escalation: Trigger words tripped (smoke, spark, hazard), but GenAI set escalation_required=False. | Requirement Missing: The following mandatory steps were omitted from resolution steps: Verify shipment status with courier tracking API; Confirm expected delivery date with regional fulfillment center; Offer approved compensation if eligibility conditions are met."
CMP-00054,Legal & Compliance,General Inquiry,Delivery,Customer Success,Logistics Support,Medium,Critical,False,True,DEL-POL-04 (Active),MISMATCH / OVERRIDE,Manual Review Required,0.0,100.0,0.0,"Issue category 'General Inquiry' does not exist in master Rule Matrix. | Department 'Customer Success' is not permitted for category 'Delivery'. | Deterministic Hazard Override: Raw complaint contains safety/legal triggers (attorney, litigation, consumer protection board). Enforcing Critical Urgency despite calm tone. | Deterministic Priority Override: Life-safety or legal hazard detected; P1 SLA required. | Missing Mandatory Escalation: Trigger words tripped (attorney, litigation, consumer protection board), but GenAI set escalation_required=False. | Requirement Missing: The following mandatory steps were omitted from resolution steps: Verify shipment status with courier tracking API; Confirm expected delivery date with regional fulfillment center; Offer approved compensation if eligibility conditions are met."
CMP-00055,Product Defect,General Inquiry,Delivery,Customer Success,Logistics Support,Medium,Critical,False,True,DEL-POL-04 (Active),MISMATCH / OVERRIDE,Manual Review Required,0.0,100.0,0.0,"Issue category 'General Inquiry' does not exist in master Rule Matrix. | Department 'Customer Success' is not permitted for category 'Delivery'. | Deterministic Hazard Override: Raw complaint contains safety/legal triggers (burning). Enforcing Critical Urgency despite calm tone. | Deterministic Priority Override: Life-safety or legal hazard detected; P1 SLA required. | Missing Mandatory Escalation: Trigger words tripped (burning), but GenAI set escalation_required=False. | Requirement Missing: The following mandatory steps were omitted from resolution steps: Verify shipment status with courier tracking API; Confirm expected delivery date with regional fulfillment center; Offer approved compensation if eligibility conditions are met."
CMP-00056,Product Defect,General Inquiry,Delivery,Customer Success,Logistics Support,Medium,Medium,False,False,DEL-POL-04 (Active),MISMATCH / OVERRIDE,Manual Review Required,0.0,100.0,0.0,Issue category 'General Inquiry' does not exist in master Rule Matrix. | Department 'Customer Success' is not permitted for category 'Delivery'. | Requirement Missing: The following mandatory steps were omitted from resolution steps: Verify shipment status with courier tracking API; Confirm expected delivery date with regional fulfillment center; Offer approved compensation if eligibility conditions are met.
CMP-00057,Delivery,General Inquiry,Delivery,Customer Success,Logistics Support,Medium,Medium,False,True,DEL-POL-04 (Active),MISMATCH / OVERRIDE,Manual Review Required,0.0,100.0,0.0,"Issue category 'General Inquiry' does not exist in master Rule Matrix. | Department 'Customer Success' is not permitted for category 'Delivery'. | Missing Mandatory Escalation: Trigger words tripped (damaged in transit), but GenAI set escalation_required=False. | Requirement Missing: The following mandatory steps were omitted from resolution steps: Verify shipment status with courier tracking API; Confirm expected delivery date with regional fulfillment center; Offer approved compensation if eligibility conditions are met."
CMP-00058,Warranty & Returns,General Inquiry,Delivery,Customer Success,Logistics Support,Medium,Medium,False,False,DEL-POL-04 (Active),MISMATCH / OVERRIDE,Manual Review Required,0.0,100.0,0.0,Issue category 'General Inquiry' does not exist in master Rule Matrix. | Department 'Customer Success' is not permitted for category 'Delivery'. | Requirement Missing: The following mandatory steps were omitted from resolution steps: Verify shipment status with courier tracking API; Confirm expected delivery date with regional fulfillment center; Offer approved compensation if eligibility conditions are met.
CMP-00059,Billing,Delivery,Delivery,Logistics Support,Logistics Support,Medium,Medium,False,False,DEL-POL-04 (Active),MATCH,Verified,100.0,100.0,100.0,Complete alignment across all fields and active policy citations.
CMP-00060,Delivery,General Inquiry,Delivery,Customer Success,Logistics Support,Medium,Medium,False,True,DEL-POL-04 (Active),MISMATCH / OVERRIDE,Manual Review Required,0.0,100.0,0.0,"Issue category 'General Inquiry' does not exist in master Rule Matrix. | Department 'Customer Success' is not permitted for category 'Delivery'. | Missing Mandatory Escalation: Trigger words tripped (damaged in transit), but GenAI set escalation_required=False. | Requirement Missing: The following mandatory steps were omitted from resolution steps: Verify shipment status with courier tracking API; Confirm expected delivery date with regional fulfillment center; Offer approved compensation if eligibility conditions are met."
CMP-00061,Product Defect,General Inquiry,Delivery,Customer Success,Logistics Support,Medium,Medium,False,False,DEL-POL-04 (Active),MISMATCH / OVERRIDE,Manual Review Required,0.0,100.0,0.0,Issue category 'General Inquiry' does not exist in master Rule Matrix. | Department 'Customer Success' is not permitted for category 'Delivery'. | Requirement Missing: The following mandatory steps were omitted from resolution steps: Verify shipment status with courier tracking API; Confirm expected delivery date with regional fulfillment center; Offer approved compensation if eligibility conditions are met.
CMP-00062,Customer Relations,Delivery,Delivery,Logistics Support,Logistics Support,Medium,Medium,False,False,DEL-POL-04 (Active),MISMATCH / OVERRIDE,Verified with Warning,100.0,100.0,100.0,Repeat Customer Escalation: Customer has 2 unresolved complaints within 30 days. Priority elevated from P3 to P2.
CMP-00063,Product Defect,General Inquiry,Delivery,Customer Success,Logistics Support,Medium,Medium,False,False,DEL-POL-04 (Active),MISMATCH / OVERRIDE,Manual Review Required,0.0,100.0,0.0,Issue category 'General Inquiry' does not exist in master Rule Matrix. | Department 'Customer Success' is not permitted for category 'Delivery'. | Requirement Missing: The following mandatory steps were omitted from resolution steps: Verify shipment status with courier tracking API; Confirm expected delivery date with regional fulfillment center; Offer approved compensation if eligibility conditions are met.
CMP-00064,Customer Relations,Delivery,Delivery,Logistics Support,Logistics Support,Medium,Medium,False,False,DEL-POL-04 (Active),MATCH,Verified,100.0,100.0,100.0,Complete alignment across all fields and active policy citations.
CMP-00065,Legal & Compliance,General Inquiry,Delivery,Customer Success,Logistics Support,Medium,Critical,False,True,DEL-POL-04 (Active),MISMATCH / OVERRIDE,Manual Review Required,0.0,100.0,0.0,"Issue category 'General Inquiry' does not exist in master Rule Matrix. | Department 'Customer Success' is not permitted for category 'Delivery'. | Deterministic Hazard Override: Raw complaint contains safety/legal triggers (attorney, litigation, consumer protection board). Enforcing Critical Urgency despite calm tone. | Deterministic Priority Override: Life-safety or legal hazard detected; P1 SLA required. | Missing Mandatory Escalation: Trigger words tripped (attorney, litigation, consumer protection board), but GenAI set escalation_required=False. | Requirement Missing: The following mandatory steps were omitted from resolution steps: Verify shipment status with courier tracking API; Confirm expected delivery date with regional fulfillment center; Offer approved compensation if eligibility conditions are met."
CMP-00066,Billing,Delivery,Delivery,Logistics Support,Logistics Support,Medium,Medium,False,False,DEL-POL-04 (Active),MISMATCH / OVERRIDE,Verified with Warning,100.0,100.0,100.0,Repeat Customer Escalation: Customer has 3 unresolved complaints within 30 days. Priority elevated from P3 to P2.
CMP-00067,Safety Hazard,General Inquiry,Delivery,Customer Success,Logistics Support,Medium,Critical,False,True,DEL-POL-04 (Active),MISMATCH / OVERRIDE,Manual Review Required,0.0,100.0,0.0,"Issue category 'General Inquiry' does not exist in master Rule Matrix. | Department 'Customer Success' is not permitted for category 'Delivery'. | Deterministic Hazard Override: Raw complaint contains safety/legal triggers (smoke, spark, hazard). Enforcing Critical Urgency despite calm tone. | Deterministic Priority Override: Life-safety or legal hazard detected; P1 SLA required. | Missing Mandatory Escalation: Trigger words tripped (smoke, spark, hazard), but GenAI set escalation_required=False. | Requirement Missing: The following mandatory steps were omitted from resolution steps: Verify shipment status with courier tracking API; Confirm expected delivery date with regional fulfillment center; Offer approved compensation if eligibility conditions are met."
CMP-00068,Technical Support,General Inquiry,Delivery,Customer Success,Logistics Support,Medium,Medium,False,False,DEL-POL-04 (Active),MISMATCH / OVERRIDE,Manual Review Required,0.0,100.0,0.0,Issue category 'General Inquiry' does not exist in master Rule Matrix. | Department 'Customer Success' is not permitted for category 'Delivery'. | Requirement Missing: The following mandatory steps were omitted from resolution steps: Verify shipment status with courier tracking API; Confirm expected delivery date with regional fulfillment center; Offer approved compensation if eligibility conditions are met.
CMP-00069,Warranty & Returns,General Inquiry,Delivery,Customer Success,Logistics Support,Medium,Medium,False,False,DEL-POL-04 (Active),MISMATCH / OVERRIDE,Manual Review Required,0.0,100.0,0.0,Issue category 'General Inquiry' does not exist in master Rule Matrix. | Department 'Customer Success' is not permitted for category 'Delivery'. | Requirement Missing: The following mandatory steps were omitted from resolution steps: Verify shipment status with courier tracking API; Confirm expected delivery date with regional fulfillment center; Offer approved compensation if eligibility conditions are met.
CMP-00070,Technical Support,General Inquiry,Delivery,Customer Success,Logistics Support,Medium,Medium,False,False,DEL-POL-04 (Active),MISMATCH / OVERRIDE,Manual Review Required,0.0,100.0,0.0,Issue category 'General Inquiry' does not exist in master Rule Matrix. | Department 'Customer Success' is not permitted for category 'Delivery'. | Requirement Missing: The following mandatory steps were omitted from resolution steps: Verify shipment status with courier tracking API; Confirm expected delivery date with regional fulfillment center; Offer approved compensation if eligibility conditions are met.
CMP-00071,Technical Support,General Inquiry,Delivery,Customer Success,Logistics Support,Medium,Medium,False,False,DEL-POL-04 (Active),MISMATCH / OVERRIDE,Manual Review Required,0.0,100.0,0.0,Issue category 'General Inquiry' does not exist in master Rule Matrix. | Department 'Customer Success' is not permitted for category 'Delivery'. | Requirement Missing: The following mandatory steps were omitted from resolution steps: Verify shipment status with courier tracking API; Confirm expected delivery date with regional fulfillment center; Offer approved compensation if eligibility conditions are met.
CMP-00072,Billing,General Inquiry,Delivery,Customer Success,Logistics Support,Medium,Medium,False,False,DEL-POL-04 (Active),MISMATCH / OVERRIDE,Manual Review Required,0.0,100.0,0.0,Issue category 'General Inquiry' does not exist in master Rule Matrix. | Department 'Customer Success' is not permitted for category 'Delivery'. | Requirement Missing: The following mandatory steps were omitted from resolution steps: Verify shipment status with courier tracking API; Confirm expected delivery date with regional fulfillment center; Offer approved compensation if eligibility conditions are met.
CMP-00073,Technical Support,General Inquiry,Delivery,Customer Success,Logistics Support,Medium,Medium,False,False,DEL-POL-04 (Active),MISMATCH / OVERRIDE,Manual Review Required,0.0,100.0,0.0,Issue category 'General Inquiry' does not exist in master Rule Matrix. | Department 'Customer Success' is not permitted for category 'Delivery'. | Requirement Missing: The following mandatory steps were omitted from resolution steps: Verify shipment status with courier tracking API; Confirm expected delivery date with regional fulfillment center; Offer approved compensation if eligibility conditions are met.
CMP-00074,Delivery,Delivery,Delivery,Logistics Support,Logistics Support,Medium,Medium,False,False,DEL-POL-04 (Active),MISMATCH / OVERRIDE,Verified with Warning,100.0,100.0,100.0,Repeat Customer Escalation: Customer has 2 unresolved complaints within 30 days. Priority elevated from P3 to P2.
CMP-00075,Billing,Delivery,Delivery,Logistics Support,Logistics Support,Medium,Medium,False,False,DEL-POL-04 (Active),MATCH,Verified,100.0,100.0,100.0,Complete alignment across all fields and active policy citations.
CMP-00076,Billing,General Inquiry,Delivery,Customer Success,Logistics Support,Medium,Medium,False,False,DEL-POL-04 (Active),MISMATCH / OVERRIDE,Manual Review Required,0.0,100.0,0.0,Issue category 'General Inquiry' does not exist in master Rule Matrix. | Department 'Customer Success' is not permitted for category 'Delivery'. | Requirement Missing: The following mandatory steps were omitted from resolution steps: Verify shipment status with courier tracking API; Confirm expected delivery date with regional fulfillment center; Offer approved compensation if eligibility conditions are met.
CMP-00077,Safety Hazard,General Inquiry,Delivery,Customer Success,Logistics Support,Medium,Critical,False,True,DEL-POL-04 (Active),MISMATCH / OVERRIDE,Manual Review Required,0.0,100.0,0.0,"Issue category 'General Inquiry' does not exist in master Rule Matrix. | Department 'Customer Success' is not permitted for category 'Delivery'. | Deterministic Hazard Override: Raw complaint contains safety/legal triggers (smoke, spark, hazard). Enforcing Critical Urgency despite calm tone. | Deterministic Priority Override: Life-safety or legal hazard detected; P1 SLA required. | Missing Mandatory Escalation: Trigger words tripped (smoke, spark, hazard), but GenAI set escalation_required=False. | Requirement Missing: The following mandatory steps were omitted from resolution steps: Verify shipment status with courier tracking API; Confirm expected delivery date with regional fulfillment center; Offer approved compensation if eligibility conditions are met."
CMP-00078,Technical Support,General Inquiry,Delivery,Customer Success,Logistics Support,Medium,Medium,False,False,DEL-POL-04 (Active),MISMATCH / OVERRIDE,Manual Review Required,0.0,100.0,0.0,Issue category 'General Inquiry' does not exist in master Rule Matrix. | Department 'Customer Success' is not permitted for category 'Delivery'. | Requirement Missing: The following mandatory steps were omitted from resolution steps: Verify shipment status with courier tracking API; Confirm expected delivery date with regional fulfillment center; Offer approved compensation if eligibility conditions are met.
CMP-00079,Technical Support,General Inquiry,Delivery,Customer Success,Logistics Support,Medium,Medium,False,False,DEL-POL-04 (Active),MISMATCH / OVERRIDE,Manual Review Required,0.0,100.0,0.0,Issue category 'General Inquiry' does not exist in master Rule Matrix. | Department 'Customer Success' is not permitted for category 'Delivery'. | Requirement Missing: The following mandatory steps were omitted from resolution steps: Verify shipment status with courier tracking API; Confirm expected delivery date with regional fulfillment center; Offer approved compensation if eligibility conditions are met.
CMP-00080,Delivery,General Inquiry,Delivery,Customer Success,Logistics Support,Medium,Medium,False,True,DEL-POL-04 (Active),MISMATCH / OVERRIDE,Manual Review Required,0.0,100.0,0.0,"Issue category 'General Inquiry' does not exist in master Rule Matrix. | Department 'Customer Success' is not permitted for category 'Delivery'. | Missing Mandatory Escalation: Trigger words tripped (damaged in transit), but GenAI set escalation_required=False. | Requirement Missing: The following mandatory steps were omitted from resolution steps: Verify shipment status with courier tracking API; Confirm expected delivery date with regional fulfillment center; Offer approved compensation if eligibility conditions are met."
CMP-00081,Billing,General Inquiry,Delivery,Customer Success,Logistics Support,Medium,Medium,False,False,DEL-POL-04 (Active),MISMATCH / OVERRIDE,Manual Review Required,0.0,100.0,0.0,Issue category 'General Inquiry' does not exist in master Rule Matrix. | Department 'Customer Success' is not permitted for category 'Delivery'. | Requirement Missing: The following mandatory steps were omitted from resolution steps: Verify shipment status with courier tracking API; Confirm expected delivery date with regional fulfillment center; Offer approved compensation if eligibility conditions are met.
CMP-00082,Legal & Compliance,General Inquiry,Delivery,Customer Success,Logistics Support,Medium,Critical,False,True,DEL-POL-04 (Active),MISMATCH / OVERRIDE,Manual Review Required,0.0,100.0,0.0,"Issue category 'General Inquiry' does not exist in master Rule Matrix. | Department 'Customer Success' is not permitted for category 'Delivery'. | Deterministic Hazard Override: Raw complaint contains safety/legal triggers (attorney, litigation, consumer protection board). Enforcing Critical Urgency despite calm tone. | Deterministic Priority Override: Life-safety or legal hazard detected; P1 SLA required. | Missing Mandatory Escalation: Trigger words tripped (attorney, litigation, consumer protection board), but GenAI set escalation_required=False. | Requirement Missing: The following mandatory steps were omitted from resolution steps: Verify shipment status with courier tracking API; Confirm expected delivery date with regional fulfillment center; Offer approved compensation if eligibility conditions are met."
CMP-00083,Delivery,General Inquiry,Delivery,Customer Success,Logistics Support,Medium,Medium,False,True,DEL-POL-04 (Active),MISMATCH / OVERRIDE,Manual Review Required,0.0,100.0,0.0,"Issue category 'General Inquiry' does not exist in master Rule Matrix. | Department 'Customer Success' is not permitted for category 'Delivery'. | Missing Mandatory Escalation: Trigger words tripped (damaged in transit), but GenAI set escalation_required=False. | Requirement Missing: The following mandatory steps were omitted from resolution steps: Verify shipment status with courier tracking API; Confirm expected delivery date with regional fulfillment center; Offer approved compensation if eligibility conditions are met."
CMP-00084,Delivery,General Inquiry,Delivery,Customer Success,Logistics Support,Medium,Medium,False,True,DEL-POL-04 (Active),MISMATCH / OVERRIDE,Manual Review Required,0.0,100.0,0.0,"Issue category 'General Inquiry' does not exist in master Rule Matrix. | Department 'Customer Success' is not permitted for category 'Delivery'. | Missing Mandatory Escalation: Trigger words tripped (damaged in transit), but GenAI set escalation_required=False. | Requirement Missing: The following mandatory steps were omitted from resolution steps: Verify shipment status with courier tracking API; Confirm expected delivery date with regional fulfillment center; Offer approved compensation if eligibility conditions are met."
CMP-00085,Legal & Compliance,General Inquiry,Delivery,Customer Success,Logistics Support,Medium,Critical,False,True,DEL-POL-04 (Active),MISMATCH / OVERRIDE,Manual Review Required,0.0,100.0,0.0,"Issue category 'General Inquiry' does not exist in master Rule Matrix. | Department 'Customer Success' is not permitted for category 'Delivery'. | Deterministic Hazard Override: Raw complaint contains safety/legal triggers (attorney, litigation, consumer protection board). Enforcing Critical Urgency despite calm tone. | Deterministic Priority Override: Life-safety or legal hazard detected; P1 SLA required. | Missing Mandatory Escalation: Trigger words tripped (attorney, litigation, consumer protection board), but GenAI set escalation_required=False. | Requirement Missing: The following mandatory steps were omitted from resolution steps: Verify shipment status with courier tracking API; Confirm expected delivery date with regional fulfillment center; Offer approved compensation if eligibility conditions are met."
CMP-00086,Safety Hazard,General Inquiry,Delivery,Customer Success,Logistics Support,Medium,Critical,False,True,DEL-POL-04 (Active),MISMATCH / OVERRIDE,Manual Review Required,0.0,100.0,0.0,"Issue category 'General Inquiry' does not exist in master Rule Matrix. | Department 'Customer Success' is not permitted for category 'Delivery'. | Deterministic Hazard Override: Raw complaint contains safety/legal triggers (smoke, spark, hazard). Enforcing Critical Urgency despite calm tone. | Deterministic Priority Override: Life-safety or legal hazard detected; P1 SLA required. | Missing Mandatory Escalation: Trigger words tripped (smoke, spark, hazard), but GenAI set escalation_required=False. | Requirement Missing: The following mandatory steps were omitted from resolution steps: Verify shipment status with courier tracking API; Confirm expected delivery date with regional fulfillment center; Offer approved compensation if eligibility conditions are met."
CMP-00087,Billing,General Inquiry,Delivery,Customer Success,Logistics Support,Medium,Medium,False,False,DEL-POL-04 (Active),MISMATCH / OVERRIDE,Manual Review Required,0.0,100.0,0.0,Issue category 'General Inquiry' does not exist in master Rule Matrix. | Department 'Customer Success' is not permitted for category 'Delivery'. | Requirement Missing: The following mandatory steps were omitted from resolution steps: Verify shipment status with courier tracking API; Confirm expected delivery date with regional fulfillment center; Offer approved compensation if eligibility conditions are met.
CMP-00088,Subscription,General Inquiry,Delivery,Customer Success,Logistics Support,Medium,Medium,False,False,DEL-POL-04 (Active),MISMATCH / OVERRIDE,Manual Review Required,0.0,100.0,0.0,Issue category 'General Inquiry' does not exist in master Rule Matrix. | Department 'Customer Success' is not permitted for category 'Delivery'. | Requirement Missing: The following mandatory steps were omitted from resolution steps: Verify shipment status with courier tracking API; Confirm expected delivery date with regional fulfillment center; Offer approved compensation if eligibility conditions are met.
CMP-00089,Billing,Delivery,Delivery,Logistics Support,Logistics Support,Medium,Medium,False,False,DEL-POL-04 (Active),MATCH,Verified,100.0,100.0,100.0,Complete alignment across all fields and active policy citations.
CMP-00090,Product Defect,General Inquiry,Delivery,Customer Success,Logistics Support,Medium,Critical,False,True,DEL-POL-04 (Active),MISMATCH / OVERRIDE,Manual Review Required,0.0,100.0,0.0,"Issue category 'General Inquiry' does not exist in master Rule Matrix. | Department 'Customer Success' is not permitted for category 'Delivery'. | Deterministic Hazard Override: Raw complaint contains safety/legal triggers (burning). Enforcing Critical Urgency despite calm tone. | Deterministic Priority Override: Life-safety or legal hazard detected; P1 SLA required. | Missing Mandatory Escalation: Trigger words tripped (burning), but GenAI set escalation_required=False. | Requirement Missing: The following mandatory steps were omitted from resolution steps: Verify shipment status with courier tracking API; Confirm expected delivery date with regional fulfillment center; Offer approved compensation if eligibility conditions are met."
CMP-00091,Subscription,General Inquiry,Delivery,Customer Success,Logistics Support,Medium,Medium,False,False,DEL-POL-04 (Active),MISMATCH / OVERRIDE,Manual Review Required,0.0,100.0,0.0,Issue category 'General Inquiry' does not exist in master Rule Matrix. | Department 'Customer Success' is not permitted for category 'Delivery'. | Requirement Missing: The following mandatory steps were omitted from resolution steps: Verify shipment status with courier tracking API; Confirm expected delivery date with regional fulfillment center; Offer approved compensation if eligibility conditions are met.
CMP-00092,Subscription,General Inquiry,Delivery,Customer Success,Logistics Support,Medium,Medium,False,False,DEL-POL-04 (Active),MISMATCH / OVERRIDE,Manual Review Required,0.0,100.0,0.0,Issue category 'General Inquiry' does not exist in master Rule Matrix. | Department 'Customer Success' is not permitted for category 'Delivery'. | Requirement Missing: The following mandatory steps were omitted from resolution steps: Verify shipment status with courier tracking API; Confirm expected delivery date with regional fulfillment center; Offer approved compensation if eligibility conditions are met.
CMP-00093,Delivery,General Inquiry,Delivery,Customer Success,Logistics Support,Medium,Medium,False,True,DEL-POL-04 (Active),MISMATCH / OVERRIDE,Manual Review Required,0.0,100.0,0.0,"Issue category 'General Inquiry' does not exist in master Rule Matrix. | Department 'Customer Success' is not permitted for category 'Delivery'. | Missing Mandatory Escalation: Trigger words tripped (damaged in transit), but GenAI set escalation_required=False. | Requirement Missing: The following mandatory steps were omitted from resolution steps: Verify shipment status with courier tracking API; Confirm expected delivery date with regional fulfillment center; Offer approved compensation if eligibility conditions are met."
CMP-00094,Account Security,General Inquiry,Delivery,Customer Success,Logistics Support,Medium,Medium,False,False,DEL-POL-04 (Active),MISMATCH / OVERRIDE,Manual Review Required,0.0,100.0,0.0,Issue category 'General Inquiry' does not exist in master Rule Matrix. | Department 'Customer Success' is not permitted for category 'Delivery'. | Requirement Missing: The following mandatory steps were omitted from resolution steps: Verify shipment status with courier tracking API; Confirm expected delivery date with regional fulfillment center; Offer approved compensation if eligibility conditions are met.
CMP-00095,Product Defect,General Inquiry,Delivery,Customer Success,Logistics Support,Medium,Medium,False,False,DEL-POL-04 (Active),MISMATCH / OVERRIDE,Manual Review Required,0.0,100.0,0.0,Issue category 'General Inquiry' does not exist in master Rule Matrix. | Department 'Customer Success' is not permitted for category 'Delivery'. | Requirement Missing: The following mandatory steps were omitted from resolution steps: Verify shipment status with courier tracking API; Confirm expected delivery date with regional fulfillment center; Offer approved compensation if eligibility conditions are met.
CMP-00096,Subscription,General Inquiry,Delivery,Customer Success,Logistics Support,Medium,Medium,False,False,DEL-POL-04 (Active),MISMATCH / OVERRIDE,Manual Review Required,0.0,100.0,0.0,Issue category 'General Inquiry' does not exist in master Rule Matrix. | Department 'Customer Success' is not permitted for category 'Delivery'. | Requirement Missing: The following mandatory steps were omitted from resolution steps: Verify shipment status with courier tracking API; Confirm expected delivery date with regional fulfillment center; Offer approved compensation if eligibility conditions are met.
CMP-00097,Billing,Delivery,Delivery,Logistics Support,Logistics Support,Medium,Medium,False,False,DEL-POL-04 (Active),MATCH,Verified,100.0,100.0,100.0,Complete alignment across all fields and active policy citations.
CMP-00098,Delivery,Delivery,Delivery,Logistics Support,Logistics Support,Medium,Medium,False,False,DEL-POL-04 (Active),MATCH,Verified,100.0,100.0,100.0,Complete alignment across all fields and active policy citations.
CMP-00099,Technical Support,General Inquiry,Delivery,Customer Success,Logistics Support,Medium,Medium,False,False,DEL-POL-04 (Active),MISMATCH / OVERRIDE,Manual Review Required,0.0,100.0,0.0,Issue category 'General Inquiry' does not exist in master Rule Matrix. | Department 'Customer Success' is not permitted for category 'Delivery'. | Requirement Missing: The following mandatory steps were omitted from resolution steps: Verify shipment status with courier tracking API; Confirm expected delivery date with regional fulfillment center; Offer approved compensation if eligibility conditions are met.
CMP-00100,Safety Hazard,General Inquiry,Delivery,Customer Success,Logistics Support,Medium,Critical,False,True,DEL-POL-04 (Active),MISMATCH / OVERRIDE,Manual Review Required,0.0,100.0,0.0,"Issue category 'General Inquiry' does not exist in master Rule Matrix. | Department 'Customer Success' is not permitted for category 'Delivery'. | Deterministic Hazard Override: Raw complaint contains safety/legal triggers (smoke, spark, hazard). Enforcing Critical Urgency despite calm tone. | Deterministic Priority Override: Life-safety or legal hazard detected; P1 SLA required. | Missing Mandatory Escalation: Trigger words tripped (smoke, spark, hazard), but GenAI set escalation_required=False. | Requirement Missing: The following mandatory steps were omitted from resolution steps: Verify shipment status with courier tracking API; Confirm expected delivery date with regional fulfillment center; Offer approved compensation if eligibility conditions are met."
