Rule ID,Category,Subcategory,Variation Name,Default Department,Allowed Departments,Default Urgency,Default Priority,SLA Target (Hours),Active Policy ID,Requires Human Review,Mandatory Escalation Triggers,Prohibited Actions,Mandatory Actions
RULE-MX-001,Delivery,Late Delivery,Late Delivery Standard Flow v1,Logistics Support,Logistics Support; Customer Relations; Executive Escalations,Medium,P3,24,DEL-POL-04,NO,None,Direct cash transfer without invoice; Guarantee instant bank refund without inspection; Promise 24h courier delivery without inventory check,Verify customer account and order reference for Late Delivery; Consult policy DEL-POL-04 guidelines; Dispatch follow-up resolution communication within SLA window
RULE-MX-002,Delivery,Late Delivery,Late Delivery Standard Flow v2,Logistics Support,Logistics Support; Customer Relations; Executive Escalations,Medium,P3,24,DEL-POL-04,YES,urgent supervisor; unresolved complaint; manager callback,Direct cash transfer without invoice; Guarantee instant bank refund without inspection; Promise 24h courier delivery without inventory check,Verify customer account and order reference for Late Delivery; Consult policy DEL-POL-04 guidelines; Dispatch follow-up resolution communication within SLA window
RULE-MX-003,Delivery,Missing Package,Missing Package Standard Flow v1,Logistics Support,Logistics Support; Customer Relations; Executive Escalations,High,P2,8,DEL-POL-04,YES,None,Direct cash transfer without invoice; Guarantee instant bank refund without inspection; Promise 24h courier delivery without inventory check,Verify customer account and order reference for Missing Package; Consult policy DEL-POL-04 guidelines; Dispatch follow-up resolution communication within SLA window
RULE-MX-004,Delivery,Missing Package,Missing Package Standard Flow v2,Logistics Support,Logistics Support; Customer Relations; Executive Escalations,High,P2,8,DEL-POL-04,YES,urgent supervisor; unresolved complaint; manager callback,Direct cash transfer without invoice; Guarantee instant bank refund without inspection; Promise 24h courier delivery without inventory check,Verify customer account and order reference for Missing Package; Consult policy DEL-POL-04 guidelines; Dispatch follow-up resolution communication within SLA window
RULE-MX-005,Delivery,Damaged in Transit,Damaged in Transit Standard Flow v1,Logistics Support,Logistics Support; Customer Relations; Executive Escalations,High,P2,8,DEL-POL-04,YES,None,Direct cash transfer without invoice; Guarantee instant bank refund without inspection; Promise 24h courier delivery without inventory check,Verify customer account and order reference for Damaged in Transit; Consult policy DEL-POL-04 guidelines; Dispatch follow-up resolution communication within SLA window
RULE-MX-006,Delivery,Damaged in Transit,Damaged in Transit Standard Flow v2,Logistics Support,Logistics Support; Customer Relations; Executive Escalations,High,P2,8,DEL-POL-04,YES,urgent supervisor; unresolved complaint; manager callback,Direct cash transfer without invoice; Guarantee instant bank refund without inspection; Promise 24h courier delivery without inventory check,Verify customer account and order reference for Damaged in Transit; Consult policy DEL-POL-04 guidelines; Dispatch follow-up resolution communication within SLA window
RULE-MX-007,Delivery,Wrong Address Delivery,Wrong Address Delivery Standard Flow v1,Logistics Support,Logistics Support; Customer Relations; Executive Escalations,Medium,P3,24,DEL-POL-04,NO,None,Direct cash transfer without invoice; Guarantee instant bank refund without inspection; Promise 24h courier delivery without inventory check,Verify customer account and order reference for Wrong Address Delivery; Consult policy DEL-POL-04 guidelines; Dispatch follow-up resolution communication within SLA window
RULE-MX-008,Delivery,Wrong Address Delivery,Wrong Address Delivery Standard Flow v2,Logistics Support,Logistics Support; Customer Relations; Executive Escalations,Medium,P3,24,DEL-POL-04,YES,urgent supervisor; unresolved complaint; manager callback,Direct cash transfer without invoice; Guarantee instant bank refund without inspection; Promise 24h courier delivery without inventory check,Verify customer account and order reference for Wrong Address Delivery; Consult policy DEL-POL-04 guidelines; Dispatch follow-up resolution communication within SLA window
RULE-MX-009,Delivery,Customs Hold,Customs Hold Standard Flow v1,Logistics Support,Logistics Support; Customer Relations; Executive Escalations,Medium,P3,24,DEL-POL-04,NO,None,Direct cash transfer without invoice; Guarantee instant bank refund without inspection; Promise 24h courier delivery without inventory check,Verify customer account and order reference for Customs Hold; Consult policy DEL-POL-04 guidelines; Dispatch follow-up resolution communication within SLA window
RULE-MX-010,Delivery,Customs Hold,Customs Hold Standard Flow v2,Logistics Support,Logistics Support; Customer Relations; Executive Escalations,Medium,P3,24,DEL-POL-04,YES,urgent supervisor; unresolved complaint; manager callback,Direct cash transfer without invoice; Guarantee instant bank refund without inspection; Promise 24h courier delivery without inventory check,Verify customer account and order reference for Customs Hold; Consult policy DEL-POL-04 guidelines; Dispatch follow-up resolution communication within SLA window
RULE-MX-011,Billing,Overcharge,Overcharge Standard Flow v1,Billing & Payments,Billing & Payments; Customer Relations; Executive Escalations,Medium,P3,24,BIL-POL-07,NO,None,Direct cash transfer without invoice; Guarantee instant bank refund without inspection; Promise 24h courier delivery without inventory check,Verify customer account and order reference for Overcharge; Consult policy BIL-POL-07 guidelines; Dispatch follow-up resolution communication within SLA window
RULE-MX-012,Billing,Overcharge,Overcharge Standard Flow v2,Billing & Payments,Billing & Payments; Customer Relations; Executive Escalations,Medium,P3,24,BIL-POL-07,YES,urgent supervisor; unresolved complaint; manager callback,Direct cash transfer without invoice; Guarantee instant bank refund without inspection; Promise 24h courier delivery without inventory check,Verify customer account and order reference for Overcharge; Consult policy BIL-POL-07 guidelines; Dispatch follow-up resolution communication within SLA window
RULE-MX-013,Billing,Duplicate Charge,Duplicate Charge Standard Flow v1,Billing & Payments,Billing & Payments; Customer Relations; Executive Escalations,Medium,P3,24,BIL-POL-07,NO,None,Direct cash transfer without invoice; Guarantee instant bank refund without inspection; Promise 24h courier delivery without inventory check,Verify customer account and order reference for Duplicate Charge; Consult policy BIL-POL-07 guidelines; Dispatch follow-up resolution communication within SLA window
RULE-MX-014,Billing,Duplicate Charge,Duplicate Charge Standard Flow v2,Billing & Payments,Billing & Payments; Customer Relations; Executive Escalations,Medium,P3,24,BIL-POL-07,YES,urgent supervisor; unresolved complaint; manager callback,Direct cash transfer without invoice; Guarantee instant bank refund without inspection; Promise 24h courier delivery without inventory check,Verify customer account and order reference for Duplicate Charge; Consult policy BIL-POL-07 guidelines; Dispatch follow-up resolution communication within SLA window
RULE-MX-015,Billing,Unauthorized Charge,Unauthorized Charge Standard Flow v1,Billing & Payments,Billing & Payments; Customer Relations; Executive Escalations,High,P2,8,BIL-POL-07,YES,None,Direct cash transfer without invoice; Guarantee instant bank refund without inspection; Promise 24h courier delivery without inventory check,Verify customer account and order reference for Unauthorized Charge; Consult policy BIL-POL-07 guidelines; Dispatch follow-up resolution communication within SLA window
RULE-MX-016,Billing,Unauthorized Charge,Unauthorized Charge Standard Flow v2,Billing & Payments,Billing & Payments; Customer Relations; Executive Escalations,High,P2,8,BIL-POL-07,YES,urgent supervisor; unresolved complaint; manager callback,Direct cash transfer without invoice; Guarantee instant bank refund without inspection; Promise 24h courier delivery without inventory check,Verify customer account and order reference for Unauthorized Charge; Consult policy BIL-POL-07 guidelines; Dispatch follow-up resolution communication within SLA window
RULE-MX-017,Billing,Refund Delay,Refund Delay Standard Flow v1,Billing & Payments,Billing & Payments; Customer Relations; Executive Escalations,Medium,P3,24,REF-POL-02,NO,None,Direct cash transfer without invoice; Guarantee instant bank refund without inspection; Promise 24h courier delivery without inventory check,Verify customer account and order reference for Refund Delay; Consult policy REF-POL-02 guidelines; Dispatch follow-up resolution communication within SLA window
RULE-MX-018,Billing,Refund Delay,Refund Delay Standard Flow v2,Billing & Payments,Billing & Payments; Customer Relations; Executive Escalations,Medium,P3,24,REF-POL-02,YES,urgent supervisor; unresolved complaint; manager callback,Direct cash transfer without invoice; Guarantee instant bank refund without inspection; Promise 24h courier delivery without inventory check,Verify customer account and order reference for Refund Delay; Consult policy REF-POL-02 guidelines; Dispatch follow-up resolution communication within SLA window
RULE-MX-019,Billing,Subscription Renewal,Subscription Renewal Standard Flow v1,Billing & Payments,Billing & Payments; Customer Relations; Executive Escalations,Medium,P3,24,BIL-POL-07,NO,None,Direct cash transfer without invoice; Guarantee instant bank refund without inspection; Promise 24h courier delivery without inventory check,Verify customer account and order reference for Subscription Renewal; Consult policy BIL-POL-07 guidelines; Dispatch follow-up resolution communication within SLA window
RULE-MX-020,Billing,Subscription Renewal,Subscription Renewal Standard Flow v2,Billing & Payments,Billing & Payments; Customer Relations; Executive Escalations,Medium,P3,24,BIL-POL-07,YES,urgent supervisor; unresolved complaint; manager callback,Direct cash transfer without invoice; Guarantee instant bank refund without inspection; Promise 24h courier delivery without inventory check,Verify customer account and order reference for Subscription Renewal; Consult policy BIL-POL-07 guidelines; Dispatch follow-up resolution communication within SLA window
RULE-MX-021,Product Defect,Dead on Arrival,Dead on Arrival Standard Flow v1,Hardware Engineering,Hardware Engineering; Customer Relations; Executive Escalations,Medium,P2,8,REP-POL-03,YES,None,Direct cash transfer without invoice; Guarantee instant bank refund without inspection; Promise 24h courier delivery without inventory check,Verify customer account and order reference for Dead on Arrival; Consult policy REP-POL-03 guidelines; Dispatch follow-up resolution communication within SLA window
RULE-MX-022,Product Defect,Dead on Arrival,Dead on Arrival Standard Flow v2,Hardware Engineering,Hardware Engineering; Customer Relations; Executive Escalations,Medium,P2,8,REP-POL-03,YES,urgent supervisor; unresolved complaint; manager callback,Direct cash transfer without invoice; Guarantee instant bank refund without inspection; Promise 24h courier delivery without inventory check,Verify customer account and order reference for Dead on Arrival; Consult policy REP-POL-03 guidelines; Dispatch follow-up resolution communication within SLA window
RULE-MX-023,Product Defect,Component Failure,Component Failure Standard Flow v1,Hardware Engineering,Hardware Engineering; Customer Relations; Executive Escalations,Medium,P2,8,REP-POL-03,YES,None,Direct cash transfer without invoice; Guarantee instant bank refund without inspection; Promise 24h courier delivery without inventory check,Verify customer account and order reference for Component Failure; Consult policy REP-POL-03 guidelines; Dispatch follow-up resolution communication within SLA window
RULE-MX-024,Product Defect,Component Failure,Component Failure Standard Flow v2,Hardware Engineering,Hardware Engineering; Customer Relations; Executive Escalations,Medium,P2,8,REP-POL-03,YES,urgent supervisor; unresolved complaint; manager callback,Direct cash transfer without invoice; Guarantee instant bank refund without inspection; Promise 24h courier delivery without inventory check,Verify customer account and order reference for Component Failure; Consult policy REP-POL-03 guidelines; Dispatch follow-up resolution communication within SLA window
RULE-MX-025,Product Defect,Overheating,Overheating Standard Flow v1,Hardware Engineering,Hardware Engineering; Customer Relations; Executive Escalations,Critical,P1,2,REP-POL-03,YES,smoke; spark; fire; lawyer; police; subpoena; injury; hacked; stolen; unauthorized access,Direct cash transfer without invoice; Guarantee instant bank refund without inspection; Promise 24h courier delivery without inventory check,Verify customer account and order reference for Overheating; Consult policy REP-POL-03 guidelines; Dispatch follow-up resolution communication within SLA window
RULE-MX-026,Product Defect,Overheating,Overheating Standard Flow v2,Hardware Engineering,Hardware Engineering; Customer Relations; Executive Escalations,Critical,P1,2,REP-POL-03,YES,smoke; spark; fire; lawyer; police; subpoena; injury; hacked; stolen; unauthorized access,Direct cash transfer without invoice; Guarantee instant bank refund without inspection; Promise 24h courier delivery without inventory check,Verify customer account and order reference for Overheating; Consult policy REP-POL-03 guidelines; Dispatch follow-up resolution communication within SLA window
RULE-MX-027,Product Defect,Battery Swelling,Battery Swelling Standard Flow v1,Hardware Engineering,Hardware Engineering; Customer Relations; Executive Escalations,Critical,P1,2,REP-POL-03,YES,smoke; spark; fire; lawyer; police; subpoena; injury; hacked; stolen; unauthorized access,Direct cash transfer without invoice; Guarantee instant bank refund without inspection; Promise 24h courier delivery without inventory check,Verify customer account and order reference for Battery Swelling; Consult policy REP-POL-03 guidelines; Dispatch follow-up resolution communication within SLA window
RULE-MX-028,Product Defect,Battery Swelling,Battery Swelling Standard Flow v2,Hardware Engineering,Hardware Engineering; Customer Relations; Executive Escalations,Critical,P1,2,REP-POL-03,YES,smoke; spark; fire; lawyer; police; subpoena; injury; hacked; stolen; unauthorized access,Direct cash transfer without invoice; Guarantee instant bank refund without inspection; Promise 24h courier delivery without inventory check,Verify customer account and order reference for Battery Swelling; Consult policy REP-POL-03 guidelines; Dispatch follow-up resolution communication within SLA window
RULE-MX-029,Product Defect,Cosmetic Blemish,Cosmetic Blemish Standard Flow v1,Hardware Engineering,Hardware Engineering; Customer Relations; Executive Escalations,Medium,P2,8,REP-POL-03,YES,None,Direct cash transfer without invoice; Guarantee instant bank refund without inspection; Promise 24h courier delivery without inventory check,Verify customer account and order reference for Cosmetic Blemish; Consult policy REP-POL-03 guidelines; Dispatch follow-up resolution communication within SLA window
RULE-MX-030,Product Defect,Cosmetic Blemish,Cosmetic Blemish Standard Flow v2,Hardware Engineering,Hardware Engineering; Customer Relations; Executive Escalations,Medium,P2,8,REP-POL-03,YES,urgent supervisor; unresolved complaint; manager callback,Direct cash transfer without invoice; Guarantee instant bank refund without inspection; Promise 24h courier delivery without inventory check,Verify customer account and order reference for Cosmetic Blemish; Consult policy REP-POL-03 guidelines; Dispatch follow-up resolution communication within SLA window
RULE-MX-031,Technical Support,Connectivity Failure,Connectivity Failure Standard Flow v1,Technical Support,Technical Support; Customer Relations; Executive Escalations,Medium,P3,24,TEC-SOP-12,NO,None,Direct cash transfer without invoice; Guarantee instant bank refund without inspection; Promise 24h courier delivery without inventory check,Verify customer account and order reference for Connectivity Failure; Consult policy TEC-SOP-12 guidelines; Dispatch follow-up resolution communication within SLA window
RULE-MX-032,Technical Support,Connectivity Failure,Connectivity Failure Standard Flow v2,Technical Support,Technical Support; Customer Relations; Executive Escalations,Medium,P3,24,TEC-SOP-12,YES,urgent supervisor; unresolved complaint; manager callback,Direct cash transfer without invoice; Guarantee instant bank refund without inspection; Promise 24h courier delivery without inventory check,Verify customer account and order reference for Connectivity Failure; Consult policy TEC-SOP-12 guidelines; Dispatch follow-up resolution communication within SLA window
RULE-MX-033,Technical Support,Firmware Bug,Firmware Bug Standard Flow v1,Technical Support,Technical Support; Customer Relations; Executive Escalations,Medium,P3,24,TEC-SOP-12,NO,None,Direct cash transfer without invoice; Guarantee instant bank refund without inspection; Promise 24h courier delivery without inventory check,Verify customer account and order reference for Firmware Bug; Consult policy TEC-SOP-12 guidelines; Dispatch follow-up resolution communication within SLA window
RULE-MX-034,Technical Support,Firmware Bug,Firmware Bug Standard Flow v2,Technical Support,Technical Support; Customer Relations; Executive Escalations,Medium,P3,24,TEC-SOP-12,YES,urgent supervisor; unresolved complaint; manager callback,Direct cash transfer without invoice; Guarantee instant bank refund without inspection; Promise 24h courier delivery without inventory check,Verify customer account and order reference for Firmware Bug; Consult policy TEC-SOP-12 guidelines; Dispatch follow-up resolution communication within SLA window
RULE-MX-035,Technical Support,Login Issue,Login Issue Standard Flow v1,Technical Support,Technical Support; Customer Relations; Executive Escalations,Medium,P3,24,TEC-SOP-12,NO,None,Direct cash transfer without invoice; Guarantee instant bank refund without inspection; Promise 24h courier delivery without inventory check,Verify customer account and order reference for Login Issue; Consult policy TEC-SOP-12 guidelines; Dispatch follow-up resolution communication within SLA window
RULE-MX-036,Technical Support,Login Issue,Login Issue Standard Flow v2,Technical Support,Technical Support; Customer Relations; Executive Escalations,Medium,P3,24,TEC-SOP-12,YES,urgent supervisor; unresolved complaint; manager callback,Direct cash transfer without invoice; Guarantee instant bank refund without inspection; Promise 24h courier delivery without inventory check,Verify customer account and order reference for Login Issue; Consult policy TEC-SOP-12 guidelines; Dispatch follow-up resolution communication within SLA window
RULE-MX-037,Technical Support,App Crash,App Crash Standard Flow v1,Technical Support,Technical Support; Customer Relations; Executive Escalations,Medium,P3,24,TEC-SOP-12,NO,None,Direct cash transfer without invoice; Guarantee instant bank refund without inspection; Promise 24h courier delivery without inventory check,Verify customer account and order reference for App Crash; Consult policy TEC-SOP-12 guidelines; Dispatch follow-up resolution communication within SLA window
RULE-MX-038,Technical Support,App Crash,App Crash Standard Flow v2,Technical Support,Technical Support; Customer Relations; Executive Escalations,Medium,P3,24,TEC-SOP-12,YES,urgent supervisor; unresolved complaint; manager callback,Direct cash transfer without invoice; Guarantee instant bank refund without inspection; Promise 24h courier delivery without inventory check,Verify customer account and order reference for App Crash; Consult policy TEC-SOP-12 guidelines; Dispatch follow-up resolution communication within SLA window
RULE-MX-039,Technical Support,Setup Assistance,Setup Assistance Standard Flow v1,Technical Support,Technical Support; Customer Relations; Executive Escalations,Medium,P3,24,TEC-SOP-12,NO,None,Direct cash transfer without invoice; Guarantee instant bank refund without inspection; Promise 24h courier delivery without inventory check,Verify customer account and order reference for Setup Assistance; Consult policy TEC-SOP-12 guidelines; Dispatch follow-up resolution communication within SLA window
RULE-MX-040,Technical Support,Setup Assistance,Setup Assistance Standard Flow v2,Technical Support,Technical Support; Customer Relations; Executive Escalations,Medium,P3,24,TEC-SOP-12,YES,urgent supervisor; unresolved complaint; manager callback,Direct cash transfer without invoice; Guarantee instant bank refund without inspection; Promise 24h courier delivery without inventory check,Verify customer account and order reference for Setup Assistance; Consult policy TEC-SOP-12 guidelines; Dispatch follow-up resolution communication within SLA window
RULE-MX-041,Safety Hazard,Thermal Runaway,Thermal Runaway Standard Flow v1,Emergency Response,Emergency Response; Customer Relations; Executive Escalations,Critical,P1,2,SAF-SOP-05,YES,smoke; spark; fire; lawyer; police; subpoena; injury; hacked; stolen; unauthorized access,Direct cash transfer without invoice; Guarantee instant bank refund without inspection; Promise 24h courier delivery without inventory check,Verify customer account and order reference for Thermal Runaway; Consult policy SAF-SOP-05 guidelines; Dispatch follow-up resolution communication within SLA window
RULE-MX-042,Safety Hazard,Thermal Runaway,Thermal Runaway Standard Flow v2,Emergency Response,Emergency Response; Customer Relations; Executive Escalations,Critical,P1,2,SAF-SOP-05,YES,smoke; spark; fire; lawyer; police; subpoena; injury; hacked; stolen; unauthorized access,Direct cash transfer without invoice; Guarantee instant bank refund without inspection; Promise 24h courier delivery without inventory check,Verify customer account and order reference for Thermal Runaway; Consult policy SAF-SOP-05 guidelines; Dispatch follow-up resolution communication within SLA window
RULE-MX-043,Safety Hazard,Electrical Shock,Electrical Shock Standard Flow v1,Emergency Response,Emergency Response; Customer Relations; Executive Escalations,Critical,P1,2,SAF-SOP-05,YES,smoke; spark; fire; lawyer; police; subpoena; injury; hacked; stolen; unauthorized access,Direct cash transfer without invoice; Guarantee instant bank refund without inspection; Promise 24h courier delivery without inventory check,Verify customer account and order reference for Electrical Shock; Consult policy SAF-SOP-05 guidelines; Dispatch follow-up resolution communication within SLA window
RULE-MX-044,Safety Hazard,Electrical Shock,Electrical Shock Standard Flow v2,Emergency Response,Emergency Response; Customer Relations; Executive Escalations,Critical,P1,2,SAF-SOP-05,YES,smoke; spark; fire; lawyer; police; subpoena; injury; hacked; stolen; unauthorized access,Direct cash transfer without invoice; Guarantee instant bank refund without inspection; Promise 24h courier delivery without inventory check,Verify customer account and order reference for Electrical Shock; Consult policy SAF-SOP-05 guidelines; Dispatch follow-up resolution communication within SLA window
RULE-MX-045,Safety Hazard,Chemical Burn,Chemical Burn Standard Flow v1,Emergency Response,Emergency Response; Customer Relations; Executive Escalations,Critical,P1,2,SAF-SOP-05,YES,smoke; spark; fire; lawyer; police; subpoena; injury; hacked; stolen; unauthorized access,Direct cash transfer without invoice; Guarantee instant bank refund without inspection; Promise 24h courier delivery without inventory check,Verify customer account and order reference for Chemical Burn; Consult policy SAF-SOP-05 guidelines; Dispatch follow-up resolution communication within SLA window
RULE-MX-046,Safety Hazard,Chemical Burn,Chemical Burn Standard Flow v2,Emergency Response,Emergency Response; Customer Relations; Executive Escalations,Critical,P1,2,SAF-SOP-05,YES,smoke; spark; fire; lawyer; police; subpoena; injury; hacked; stolen; unauthorized access,Direct cash transfer without invoice; Guarantee instant bank refund without inspection; Promise 24h courier delivery without inventory check,Verify customer account and order reference for Chemical Burn; Consult policy SAF-SOP-05 guidelines; Dispatch follow-up resolution communication within SLA window
RULE-MX-047,Safety Hazard,Smoke Hazard,Smoke Hazard Standard Flow v1,Emergency Response,Emergency Response; Customer Relations; Executive Escalations,Critical,P1,2,SAF-SOP-05,YES,smoke; spark; fire; lawyer; police; subpoena; injury; hacked; stolen; unauthorized access,Direct cash transfer without invoice; Guarantee instant bank refund without inspection; Promise 24h courier delivery without inventory check,Verify customer account and order reference for Smoke Hazard; Consult policy SAF-SOP-05 guidelines; Dispatch follow-up resolution communication within SLA window
RULE-MX-048,Safety Hazard,Smoke Hazard,Smoke Hazard Standard Flow v2,Emergency Response,Emergency Response; Customer Relations; Executive Escalations,Critical,P1,2,SAF-SOP-05,YES,smoke; spark; fire; lawyer; police; subpoena; injury; hacked; stolen; unauthorized access,Direct cash transfer without invoice; Guarantee instant bank refund without inspection; Promise 24h courier delivery without inventory check,Verify customer account and order reference for Smoke Hazard; Consult policy SAF-SOP-05 guidelines; Dispatch follow-up resolution communication within SLA window
RULE-MX-049,Safety Hazard,Physical Injury,Physical Injury Standard Flow v1,Emergency Response,Emergency Response; Customer Relations; Executive Escalations,Critical,P1,2,SAF-SOP-05,YES,smoke; spark; fire; lawyer; police; subpoena; injury; hacked; stolen; unauthorized access,Direct cash transfer without invoice; Guarantee instant bank refund without inspection; Promise 24h courier delivery without inventory check,Verify customer account and order reference for Physical Injury; Consult policy SAF-SOP-05 guidelines; Dispatch follow-up resolution communication within SLA window
RULE-MX-050,Safety Hazard,Physical Injury,Physical Injury Standard Flow v2,Emergency Response,Emergency Response; Customer Relations; Executive Escalations,Critical,P1,2,SAF-SOP-05,YES,smoke; spark; fire; lawyer; police; subpoena; injury; hacked; stolen; unauthorized access,Direct cash transfer without invoice; Guarantee instant bank refund without inspection; Promise 24h courier delivery without inventory check,Verify customer account and order reference for Physical Injury; Consult policy SAF-SOP-05 guidelines; Dispatch follow-up resolution communication within SLA window
RULE-MX-051,Warranty & Returns,Warranty Claim,Warranty Claim Standard Flow v1,Warranty & Returns,Warranty & Returns; Customer Relations; Executive Escalations,Medium,P3,24,REP-POL-03,NO,None,Direct cash transfer without invoice; Guarantee instant bank refund without inspection; Promise 24h courier delivery without inventory check,Verify customer account and order reference for Warranty Claim; Consult policy REP-POL-03 guidelines; Dispatch follow-up resolution communication within SLA window
RULE-MX-052,Warranty & Returns,Warranty Claim,Warranty Claim Standard Flow v2,Warranty & Returns,Warranty & Returns; Customer Relations; Executive Escalations,Medium,P3,24,REP-POL-03,YES,urgent supervisor; unresolved complaint; manager callback,Direct cash transfer without invoice; Guarantee instant bank refund without inspection; Promise 24h courier delivery without inventory check,Verify customer account and order reference for Warranty Claim; Consult policy REP-POL-03 guidelines; Dispatch follow-up resolution communication within SLA window
RULE-MX-053,Warranty & Returns,RMA Request,RMA Request Standard Flow v1,Warranty & Returns,Warranty & Returns; Customer Relations; Executive Escalations,Medium,P3,24,REP-POL-03,NO,None,Direct cash transfer without invoice; Guarantee instant bank refund without inspection; Promise 24h courier delivery without inventory check,Verify customer account and order reference for RMA Request; Consult policy REP-POL-03 guidelines; Dispatch follow-up resolution communication within SLA window
RULE-MX-054,Warranty & Returns,RMA Request,RMA Request Standard Flow v2,Warranty & Returns,Warranty & Returns; Customer Relations; Executive Escalations,Medium,P3,24,REP-POL-03,YES,urgent supervisor; unresolved complaint; manager callback,Direct cash transfer without invoice; Guarantee instant bank refund without inspection; Promise 24h courier delivery without inventory check,Verify customer account and order reference for RMA Request; Consult policy REP-POL-03 guidelines; Dispatch follow-up resolution communication within SLA window
RULE-MX-055,Warranty & Returns,Replacement Tracking,Replacement Tracking Standard Flow v1,Warranty & Returns,Warranty & Returns; Customer Relations; Executive Escalations,Medium,P3,24,REP-POL-03,NO,None,Direct cash transfer without invoice; Guarantee instant bank refund without inspection; Promise 24h courier delivery without inventory check,Verify customer account and order reference for Replacement Tracking; Consult policy REP-POL-03 guidelines; Dispatch follow-up resolution communication within SLA window
RULE-MX-056,Warranty & Returns,Replacement Tracking,Replacement Tracking Standard Flow v2,Warranty & Returns,Warranty & Returns; Customer Relations; Executive Escalations,Medium,P3,24,REP-POL-03,YES,urgent supervisor; unresolved complaint; manager callback,Direct cash transfer without invoice; Guarantee instant bank refund without inspection; Promise 24h courier delivery without inventory check,Verify customer account and order reference for Replacement Tracking; Consult policy REP-POL-03 guidelines; Dispatch follow-up resolution communication within SLA window
RULE-MX-057,Warranty & Returns,Expired Warranty Dispute,Expired Warranty Dispute Standard Flow v1,Warranty & Returns,Warranty & Returns; Customer Relations; Executive Escalations,Medium,P3,24,REP-POL-03,NO,None,Direct cash transfer without invoice; Guarantee instant bank refund without inspection; Promise 24h courier delivery without inventory check,Verify customer account and order reference for Expired Warranty Dispute; Consult policy REP-POL-03 guidelines; Dispatch follow-up resolution communication within SLA window
RULE-MX-058,Warranty & Returns,Expired Warranty Dispute,Expired Warranty Dispute Standard Flow v2,Warranty & Returns,Warranty & Returns; Customer Relations; Executive Escalations,Medium,P3,24,REP-POL-03,YES,urgent supervisor; unresolved complaint; manager callback,Direct cash transfer without invoice; Guarantee instant bank refund without inspection; Promise 24h courier delivery without inventory check,Verify customer account and order reference for Expired Warranty Dispute; Consult policy REP-POL-03 guidelines; Dispatch follow-up resolution communication within SLA window
RULE-MX-059,Warranty & Returns,Return Refusal,Return Refusal Standard Flow v1,Warranty & Returns,Warranty & Returns; Customer Relations; Executive Escalations,Medium,P3,24,REP-POL-03,NO,None,Direct cash transfer without invoice; Guarantee instant bank refund without inspection; Promise 24h courier delivery without inventory check,Verify customer account and order reference for Return Refusal; Consult policy REP-POL-03 guidelines; Dispatch follow-up resolution communication within SLA window
RULE-MX-060,Warranty & Returns,Return Refusal,Return Refusal Standard Flow v2,Warranty & Returns,Warranty & Returns; Customer Relations; Executive Escalations,Medium,P3,24,REP-POL-03,YES,urgent supervisor; unresolved complaint; manager callback,Direct cash transfer without invoice; Guarantee instant bank refund without inspection; Promise 24h courier delivery without inventory check,Verify customer account and order reference for Return Refusal; Consult policy REP-POL-03 guidelines; Dispatch follow-up resolution communication within SLA window
RULE-MX-061,Account Security,Compromised Password,Compromised Password Standard Flow v1,Account Security,Account Security; Customer Relations; Executive Escalations,Critical,P1,2,SEC-POL-08,YES,smoke; spark; fire; lawyer; police; subpoena; injury; hacked; stolen; unauthorized access,Direct cash transfer without invoice; Guarantee instant bank refund without inspection; Promise 24h courier delivery without inventory check,Verify customer account and order reference for Compromised Password; Consult policy SEC-POL-08 guidelines; Dispatch follow-up resolution communication within SLA window
RULE-MX-062,Account Security,Compromised Password,Compromised Password Standard Flow v2,Account Security,Account Security; Customer Relations; Executive Escalations,Critical,P1,2,SEC-POL-08,YES,smoke; spark; fire; lawyer; police; subpoena; injury; hacked; stolen; unauthorized access,Direct cash transfer without invoice; Guarantee instant bank refund without inspection; Promise 24h courier delivery without inventory check,Verify customer account and order reference for Compromised Password; Consult policy SEC-POL-08 guidelines; Dispatch follow-up resolution communication within SLA window
RULE-MX-063,Account Security,MFA Bypass Attempt,MFA Bypass Attempt Standard Flow v1,Account Security,Account Security; Customer Relations; Executive Escalations,High,P2,8,SEC-POL-08,YES,smoke; spark; fire; lawyer; police; subpoena; injury; hacked; stolen; unauthorized access,Direct cash transfer without invoice; Guarantee instant bank refund without inspection; Promise 24h courier delivery without inventory check,Verify customer account and order reference for MFA Bypass Attempt; Consult policy SEC-POL-08 guidelines; Dispatch follow-up resolution communication within SLA window
RULE-MX-064,Account Security,MFA Bypass Attempt,MFA Bypass Attempt Standard Flow v2,Account Security,Account Security; Customer Relations; Executive Escalations,High,P2,8,SEC-POL-08,YES,smoke; spark; fire; lawyer; police; subpoena; injury; hacked; stolen; unauthorized access,Direct cash transfer without invoice; Guarantee instant bank refund without inspection; Promise 24h courier delivery without inventory check,Verify customer account and order reference for MFA Bypass Attempt; Consult policy SEC-POL-08 guidelines; Dispatch follow-up resolution communication within SLA window
RULE-MX-065,Account Security,Phishing Report,Phishing Report Standard Flow v1,Account Security,Account Security; Customer Relations; Executive Escalations,High,P2,8,SEC-POL-08,YES,smoke; spark; fire; lawyer; police; subpoena; injury; hacked; stolen; unauthorized access,Direct cash transfer without invoice; Guarantee instant bank refund without inspection; Promise 24h courier delivery without inventory check,Verify customer account and order reference for Phishing Report; Consult policy SEC-POL-08 guidelines; Dispatch follow-up resolution communication within SLA window
RULE-MX-066,Account Security,Phishing Report,Phishing Report Standard Flow v2,Account Security,Account Security; Customer Relations; Executive Escalations,High,P2,8,SEC-POL-08,YES,smoke; spark; fire; lawyer; police; subpoena; injury; hacked; stolen; unauthorized access,Direct cash transfer without invoice; Guarantee instant bank refund without inspection; Promise 24h courier delivery without inventory check,Verify customer account and order reference for Phishing Report; Consult policy SEC-POL-08 guidelines; Dispatch follow-up resolution communication within SLA window
RULE-MX-067,Account Security,Unauthorized Profile Change,Unauthorized Profile Change Standard Flow v1,Account Security,Account Security; Customer Relations; Executive Escalations,High,P2,8,SEC-POL-08,YES,smoke; spark; fire; lawyer; police; subpoena; injury; hacked; stolen; unauthorized access,Direct cash transfer without invoice; Guarantee instant bank refund without inspection; Promise 24h courier delivery without inventory check,Verify customer account and order reference for Unauthorized Profile Change; Consult policy SEC-POL-08 guidelines; Dispatch follow-up resolution communication within SLA window
RULE-MX-068,Account Security,Unauthorized Profile Change,Unauthorized Profile Change Standard Flow v2,Account Security,Account Security; Customer Relations; Executive Escalations,High,P2,8,SEC-POL-08,YES,smoke; spark; fire; lawyer; police; subpoena; injury; hacked; stolen; unauthorized access,Direct cash transfer without invoice; Guarantee instant bank refund without inspection; Promise 24h courier delivery without inventory check,Verify customer account and order reference for Unauthorized Profile Change; Consult policy SEC-POL-08 guidelines; Dispatch follow-up resolution communication within SLA window
RULE-MX-069,Account Security,Data Access Request,Data Access Request Standard Flow v1,Account Security,Account Security; Customer Relations; Executive Escalations,High,P2,8,SEC-POL-08,YES,smoke; spark; fire; lawyer; police; subpoena; injury; hacked; stolen; unauthorized access,Direct cash transfer without invoice; Guarantee instant bank refund without inspection; Promise 24h courier delivery without inventory check,Verify customer account and order reference for Data Access Request; Consult policy SEC-POL-08 guidelines; Dispatch follow-up resolution communication within SLA window
RULE-MX-070,Account Security,Data Access Request,Data Access Request Standard Flow v2,Account Security,Account Security; Customer Relations; Executive Escalations,High,P2,8,SEC-POL-08,YES,smoke; spark; fire; lawyer; police; subpoena; injury; hacked; stolen; unauthorized access,Direct cash transfer without invoice; Guarantee instant bank refund without inspection; Promise 24h courier delivery without inventory check,Verify customer account and order reference for Data Access Request; Consult policy SEC-POL-08 guidelines; Dispatch follow-up resolution communication within SLA window
RULE-MX-071,Customer Relations,Rude Courier,Rude Courier Standard Flow v1,Customer Relations,Customer Relations; Customer Relations; Executive Escalations,Medium,P3,24,STF-POL-14,NO,None,Direct cash transfer without invoice; Guarantee instant bank refund without inspection; Promise 24h courier delivery without inventory check,Verify customer account and order reference for Rude Courier; Consult policy STF-POL-14 guidelines; Dispatch follow-up resolution communication within SLA window
RULE-MX-072,Customer Relations,Rude Courier,Rude Courier Standard Flow v2,Customer Relations,Customer Relations; Customer Relations; Executive Escalations,Medium,P3,24,STF-POL-14,YES,urgent supervisor; unresolved complaint; manager callback,Direct cash transfer without invoice; Guarantee instant bank refund without inspection; Promise 24h courier delivery without inventory check,Verify customer account and order reference for Rude Courier; Consult policy STF-POL-14 guidelines; Dispatch follow-up resolution communication within SLA window
RULE-MX-073,Customer Relations,Unhelpful Support Agent,Unhelpful Support Agent Standard Flow v1,Customer Relations,Customer Relations; Customer Relations; Executive Escalations,Medium,P3,24,STF-POL-14,NO,None,Direct cash transfer without invoice; Guarantee instant bank refund without inspection; Promise 24h courier delivery without inventory check,Verify customer account and order reference for Unhelpful Support Agent; Consult policy STF-POL-14 guidelines; Dispatch follow-up resolution communication within SLA window
RULE-MX-074,Customer Relations,Unhelpful Support Agent,Unhelpful Support Agent Standard Flow v2,Customer Relations,Customer Relations; Customer Relations; Executive Escalations,Medium,P3,24,STF-POL-14,YES,urgent supervisor; unresolved complaint; manager callback,Direct cash transfer without invoice; Guarantee instant bank refund without inspection; Promise 24h courier delivery without inventory check,Verify customer account and order reference for Unhelpful Support Agent; Consult policy STF-POL-14 guidelines; Dispatch follow-up resolution communication within SLA window
RULE-MX-075,Customer Relations,Escalation Delay,Escalation Delay Standard Flow v1,Customer Relations,Customer Relations; Customer Relations; Executive Escalations,Medium,P3,24,STF-POL-14,NO,None,Direct cash transfer without invoice; Guarantee instant bank refund without inspection; Promise 24h courier delivery without inventory check,Verify customer account and order reference for Escalation Delay; Consult policy STF-POL-14 guidelines; Dispatch follow-up resolution communication within SLA window
RULE-MX-076,Customer Relations,Escalation Delay,Escalation Delay Standard Flow v2,Customer Relations,Customer Relations; Customer Relations; Executive Escalations,Medium,P3,24,STF-POL-14,YES,urgent supervisor; unresolved complaint; manager callback,Direct cash transfer without invoice; Guarantee instant bank refund without inspection; Promise 24h courier delivery without inventory check,Verify customer account and order reference for Escalation Delay; Consult policy STF-POL-14 guidelines; Dispatch follow-up resolution communication within SLA window
RULE-MX-077,Customer Relations,Broken Promise,Broken Promise Standard Flow v1,Customer Relations,Customer Relations; Customer Relations; Executive Escalations,Medium,P3,24,STF-POL-14,NO,None,Direct cash transfer without invoice; Guarantee instant bank refund without inspection; Promise 24h courier delivery without inventory check,Verify customer account and order reference for Broken Promise; Consult policy STF-POL-14 guidelines; Dispatch follow-up resolution communication within SLA window
RULE-MX-078,Customer Relations,Broken Promise,Broken Promise Standard Flow v2,Customer Relations,Customer Relations; Customer Relations; Executive Escalations,Medium,P3,24,STF-POL-14,YES,urgent supervisor; unresolved complaint; manager callback,Direct cash transfer without invoice; Guarantee instant bank refund without inspection; Promise 24h courier delivery without inventory check,Verify customer account and order reference for Broken Promise; Consult policy STF-POL-14 guidelines; Dispatch follow-up resolution communication within SLA window
RULE-MX-079,Customer Relations,Misinformation,Misinformation Standard Flow v1,Customer Relations,Customer Relations; Customer Relations; Executive Escalations,Medium,P3,24,STF-POL-14,NO,None,Direct cash transfer without invoice; Guarantee instant bank refund without inspection; Promise 24h courier delivery without inventory check,Verify customer account and order reference for Misinformation; Consult policy STF-POL-14 guidelines; Dispatch follow-up resolution communication within SLA window
RULE-MX-080,Customer Relations,Misinformation,Misinformation Standard Flow v2,Customer Relations,Customer Relations; Customer Relations; Executive Escalations,Medium,P3,24,STF-POL-14,YES,urgent supervisor; unresolved complaint; manager callback,Direct cash transfer without invoice; Guarantee instant bank refund without inspection; Promise 24h courier delivery without inventory check,Verify customer account and order reference for Misinformation; Consult policy STF-POL-14 guidelines; Dispatch follow-up resolution communication within SLA window
RULE-MX-081,Subscription,Cancellation Refusal,Cancellation Refusal Standard Flow v1,Billing & Payments,Billing & Payments; Customer Relations; Executive Escalations,Medium,P3,24,SUB-POL-18,NO,None,Direct cash transfer without invoice; Guarantee instant bank refund without inspection; Promise 24h courier delivery without inventory check,Verify customer account and order reference for Cancellation Refusal; Consult policy SUB-POL-18 guidelines; Dispatch follow-up resolution communication within SLA window
RULE-MX-082,Subscription,Cancellation Refusal,Cancellation Refusal Standard Flow v2,Billing & Payments,Billing & Payments; Customer Relations; Executive Escalations,Medium,P3,24,SUB-POL-18,YES,urgent supervisor; unresolved complaint; manager callback,Direct cash transfer without invoice; Guarantee instant bank refund without inspection; Promise 24h courier delivery without inventory check,Verify customer account and order reference for Cancellation Refusal; Consult policy SUB-POL-18 guidelines; Dispatch follow-up resolution communication within SLA window
RULE-MX-083,Subscription,Tier Downgrade,Tier Downgrade Standard Flow v1,Billing & Payments,Billing & Payments; Customer Relations; Executive Escalations,Medium,P3,24,SUB-POL-18,NO,None,Direct cash transfer without invoice; Guarantee instant bank refund without inspection; Promise 24h courier delivery without inventory check,Verify customer account and order reference for Tier Downgrade; Consult policy SUB-POL-18 guidelines; Dispatch follow-up resolution communication within SLA window
RULE-MX-084,Subscription,Tier Downgrade,Tier Downgrade Standard Flow v2,Billing & Payments,Billing & Payments; Customer Relations; Executive Escalations,Medium,P3,24,SUB-POL-18,YES,urgent supervisor; unresolved complaint; manager callback,Direct cash transfer without invoice; Guarantee instant bank refund without inspection; Promise 24h courier delivery without inventory check,Verify customer account and order reference for Tier Downgrade; Consult policy SUB-POL-18 guidelines; Dispatch follow-up resolution communication within SLA window
RULE-MX-085,Subscription,License Allocation,License Allocation Standard Flow v1,Billing & Payments,Billing & Payments; Customer Relations; Executive Escalations,Medium,P3,24,SUB-POL-18,NO,None,Direct cash transfer without invoice; Guarantee instant bank refund without inspection; Promise 24h courier delivery without inventory check,Verify customer account and order reference for License Allocation; Consult policy SUB-POL-18 guidelines; Dispatch follow-up resolution communication within SLA window
RULE-MX-086,Subscription,License Allocation,License Allocation Standard Flow v2,Billing & Payments,Billing & Payments; Customer Relations; Executive Escalations,Medium,P3,24,SUB-POL-18,YES,urgent supervisor; unresolved complaint; manager callback,Direct cash transfer without invoice; Guarantee instant bank refund without inspection; Promise 24h courier delivery without inventory check,Verify customer account and order reference for License Allocation; Consult policy SUB-POL-18 guidelines; Dispatch follow-up resolution communication within SLA window
RULE-MX-087,Subscription,Payment Failure,Payment Failure Standard Flow v1,Billing & Payments,Billing & Payments; Customer Relations; Executive Escalations,Medium,P3,24,SUB-POL-18,NO,None,Direct cash transfer without invoice; Guarantee instant bank refund without inspection; Promise 24h courier delivery without inventory check,Verify customer account and order reference for Payment Failure; Consult policy SUB-POL-18 guidelines; Dispatch follow-up resolution communication within SLA window
RULE-MX-088,Subscription,Payment Failure,Payment Failure Standard Flow v2,Billing & Payments,Billing & Payments; Customer Relations; Executive Escalations,Medium,P3,24,SUB-POL-18,YES,urgent supervisor; unresolved complaint; manager callback,Direct cash transfer without invoice; Guarantee instant bank refund without inspection; Promise 24h courier delivery without inventory check,Verify customer account and order reference for Payment Failure; Consult policy SUB-POL-18 guidelines; Dispatch follow-up resolution communication within SLA window
RULE-MX-089,Subscription,Trial Expiration,Trial Expiration Standard Flow v1,Billing & Payments,Billing & Payments; Customer Relations; Executive Escalations,Low,P4,48,SUB-POL-18,NO,None,Direct cash transfer without invoice; Guarantee instant bank refund without inspection; Promise 24h courier delivery without inventory check,Verify customer account and order reference for Trial Expiration; Consult policy SUB-POL-18 guidelines; Dispatch follow-up resolution communication within SLA window
RULE-MX-090,Subscription,Trial Expiration,Trial Expiration Standard Flow v2,Billing & Payments,Billing & Payments; Customer Relations; Executive Escalations,Low,P4,48,SUB-POL-18,YES,urgent supervisor; unresolved complaint; manager callback,Direct cash transfer without invoice; Guarantee instant bank refund without inspection; Promise 24h courier delivery without inventory check,Verify customer account and order reference for Trial Expiration; Consult policy SUB-POL-18 guidelines; Dispatch follow-up resolution communication within SLA window
RULE-MX-091,Legal & Compliance,Regulatory Complaint,Regulatory Complaint Standard Flow v1,Corporate Legal Counsel,Corporate Legal Counsel; Customer Relations; Executive Escalations,Critical,P1,2,LEG-SOP-15,YES,smoke; spark; fire; lawyer; police; subpoena; injury; hacked; stolen; unauthorized access,Direct cash transfer without invoice; Guarantee instant bank refund without inspection; Promise 24h courier delivery without inventory check,Verify customer account and order reference for Regulatory Complaint; Consult policy LEG-SOP-15 guidelines; Dispatch follow-up resolution communication within SLA window
RULE-MX-092,Legal & Compliance,Regulatory Complaint,Regulatory Complaint Standard Flow v2,Corporate Legal Counsel,Corporate Legal Counsel; Customer Relations; Executive Escalations,Critical,P1,2,LEG-SOP-15,YES,smoke; spark; fire; lawyer; police; subpoena; injury; hacked; stolen; unauthorized access,Direct cash transfer without invoice; Guarantee instant bank refund without inspection; Promise 24h courier delivery without inventory check,Verify customer account and order reference for Regulatory Complaint; Consult policy LEG-SOP-15 guidelines; Dispatch follow-up resolution communication within SLA window
RULE-MX-093,Legal & Compliance,Litigation Threat,Litigation Threat Standard Flow v1,Corporate Legal Counsel,Corporate Legal Counsel; Customer Relations; Executive Escalations,Critical,P1,2,LEG-SOP-15,YES,smoke; spark; fire; lawyer; police; subpoena; injury; hacked; stolen; unauthorized access,Direct cash transfer without invoice; Guarantee instant bank refund without inspection; Promise 24h courier delivery without inventory check,Verify customer account and order reference for Litigation Threat; Consult policy LEG-SOP-15 guidelines; Dispatch follow-up resolution communication within SLA window
RULE-MX-094,Legal & Compliance,Litigation Threat,Litigation Threat Standard Flow v2,Corporate Legal Counsel,Corporate Legal Counsel; Customer Relations; Executive Escalations,Critical,P1,2,LEG-SOP-15,YES,smoke; spark; fire; lawyer; police; subpoena; injury; hacked; stolen; unauthorized access,Direct cash transfer without invoice; Guarantee instant bank refund without inspection; Promise 24h courier delivery without inventory check,Verify customer account and order reference for Litigation Threat; Consult policy LEG-SOP-15 guidelines; Dispatch follow-up resolution communication within SLA window
RULE-MX-095,Legal & Compliance,Defamation Claim,Defamation Claim Standard Flow v1,Corporate Legal Counsel,Corporate Legal Counsel; Customer Relations; Executive Escalations,Critical,P1,2,LEG-SOP-15,YES,smoke; spark; fire; lawyer; police; subpoena; injury; hacked; stolen; unauthorized access,Direct cash transfer without invoice; Guarantee instant bank refund without inspection; Promise 24h courier delivery without inventory check,Verify customer account and order reference for Defamation Claim; Consult policy LEG-SOP-15 guidelines; Dispatch follow-up resolution communication within SLA window
RULE-MX-096,Legal & Compliance,Defamation Claim,Defamation Claim Standard Flow v2,Corporate Legal Counsel,Corporate Legal Counsel; Customer Relations; Executive Escalations,Critical,P1,2,LEG-SOP-15,YES,smoke; spark; fire; lawyer; police; subpoena; injury; hacked; stolen; unauthorized access,Direct cash transfer without invoice; Guarantee instant bank refund without inspection; Promise 24h courier delivery without inventory check,Verify customer account and order reference for Defamation Claim; Consult policy LEG-SOP-15 guidelines; Dispatch follow-up resolution communication within SLA window
RULE-MX-097,Legal & Compliance,FTC Notice,FTC Notice Standard Flow v1,Corporate Legal Counsel,Corporate Legal Counsel; Customer Relations; Executive Escalations,Critical,P1,2,LEG-SOP-15,YES,smoke; spark; fire; lawyer; police; subpoena; injury; hacked; stolen; unauthorized access,Direct cash transfer without invoice; Guarantee instant bank refund without inspection; Promise 24h courier delivery without inventory check,Verify customer account and order reference for FTC Notice; Consult policy LEG-SOP-15 guidelines; Dispatch follow-up resolution communication within SLA window
RULE-MX-098,Legal & Compliance,FTC Notice,FTC Notice Standard Flow v2,Corporate Legal Counsel,Corporate Legal Counsel; Customer Relations; Executive Escalations,Critical,P1,2,LEG-SOP-15,YES,smoke; spark; fire; lawyer; police; subpoena; injury; hacked; stolen; unauthorized access,Direct cash transfer without invoice; Guarantee instant bank refund without inspection; Promise 24h courier delivery without inventory check,Verify customer account and order reference for FTC Notice; Consult policy LEG-SOP-15 guidelines; Dispatch follow-up resolution communication within SLA window
RULE-MX-099,Legal & Compliance,GDPR Breach Report,GDPR Breach Report Standard Flow v1,Corporate Legal Counsel,Corporate Legal Counsel; Customer Relations; Executive Escalations,Critical,P1,2,LEG-SOP-15,YES,smoke; spark; fire; lawyer; police; subpoena; injury; hacked; stolen; unauthorized access,Direct cash transfer without invoice; Guarantee instant bank refund without inspection; Promise 24h courier delivery without inventory check,Verify customer account and order reference for GDPR Breach Report; Consult policy LEG-SOP-15 guidelines; Dispatch follow-up resolution communication within SLA window
RULE-MX-100,Legal & Compliance,GDPR Breach Report,GDPR Breach Report Standard Flow v2,Corporate Legal Counsel,Corporate Legal Counsel; Customer Relations; Executive Escalations,Critical,P1,2,LEG-SOP-15,YES,smoke; spark; fire; lawyer; police; subpoena; injury; hacked; stolen; unauthorized access,Direct cash transfer without invoice; Guarantee instant bank refund without inspection; Promise 24h courier delivery without inventory check,Verify customer account and order reference for GDPR Breach Report; Consult policy LEG-SOP-15 guidelines; Dispatch follow-up resolution communication within SLA window
